Region;Tissue;Lectin;File;Threshold;H_Score;Total_Pos_Pct;Weak_Pct;Mod_Pct;Strong_Pct;Mean_OD
ALSANCAK;GENEL DOKU;SNA;Image_34898.jpg;0,22;27,47;26,73;26,14;0,45;0,14;0,2606
ALSANCAK;GENEL DOKU;SNA;Image_34898.jpg;0,28;5,79;5,06;4,46;0,45;0,14;0,3351
ALSANCAK;GENEL DOKU;SNA;Image_34898.jpg;0,3;3,46;2,73;2,14;0,45;0,14;0,3743
ALSANCAK;GENEL DOKU;SNA;Image_34906.jpg;0,22;14,8;14,02;13,39;0,5;0,14;0,2696
ALSANCAK;GENEL DOKU;SNA;Image_34906.jpg;0,28;3,83;3,06;2,42;0,5;0,14;0,3649
ALSANCAK;GENEL DOKU;SNA;Image_34906.jpg;0,3;2,63;1,86;1,22;0,5;0,14;0,414
ALSANCAK;GENEL DOKU;SNA;Image_34899.jpg;0,22;24,92;23,94;23,11;0,69;0,14;0,2636
ALSANCAK;GENEL DOKU;SNA;Image_34899.jpg;0,28;5,81;4,83;4,0;0,69;0,14;0,3426
ALSANCAK;GENEL DOKU;SNA;Image_34899.jpg;0,3;3,75;2,77;1,94;0,69;0,14;0,3824
ALSANCAK;GENEL DOKU;SNA;Image_34904.jpg;0,22;24,65;23,95;23,39;0,42;0,14;0,2587
ALSANCAK;GENEL DOKU;SNA;Image_34904.jpg;0,28;4,25;3,55;2,99;0,42;0,14;0,3493
ALSANCAK;GENEL DOKU;SNA;Image_34904.jpg;0,3;2,52;1,81;1,25;0,42;0,14;0,4073
ALSANCAK;GENEL DOKU;SNA;Image_34905.jpg;0,22;10,7;10,03;9,5;0,39;0,14;0,2741
ALSANCAK;GENEL DOKU;SNA;Image_34905.jpg;0,28;2,9;2,23;1,7;0,39;0,14;0,3858
ALSANCAK;GENEL DOKU;SNA;Image_34905.jpg;0,3;2,09;1,42;0,89;0,39;0,14;0,4407
ALSANCAK;GENEL DOKU;SNA;Image_34901.jpg;0,22;21,52;20,21;19,0;1,11;0,1;0,2757
ALSANCAK;GENEL DOKU;SNA;Image_34901.jpg;0,28;7,76;6,44;5,23;1,11;0,1;0,3389
ALSANCAK;GENEL DOKU;SNA;Image_34901.jpg;0,3;5,4;4,09;2,87;1,11;0,1;0,3675
ALSANCAK;GENEL DOKU;SNA;Image_34900.jpg;0,22;13,4;12,64;12,06;0,41;0,17;0,2692
ALSANCAK;GENEL DOKU;SNA;Image_34900.jpg;0,28;3,43;2,68;2,1;0,41;0,17;0,3696
ALSANCAK;GENEL DOKU;SNA;Image_34900.jpg;0,3;2,41;1,65;1,07;0,41;0,17;0,4194
ALSANCAK;GENEL DOKU;SNA;Image_34902.jpg;0,22;23,85;23,27;22,8;0,35;0,12;0,2604
ALSANCAK;GENEL DOKU;SNA;Image_34902.jpg;0,28;4,63;4,04;3,58;0,35;0,12;0,3409
ALSANCAK;GENEL DOKU;SNA;Image_34902.jpg;0,3;2,67;2,08;1,62;0,35;0,12;0,3899
ALSANCAK;GENEL DOKU;SNA;Image_34903.jpg;0,22;34,75;30,51;27,19;2,41;0,91;0,2878
ALSANCAK;GENEL DOKU;SNA;Image_34903.jpg;0,28;15,8;11,56;8,24;2,41;0,91;0,3556
ALSANCAK;GENEL DOKU;SNA;Image_34903.jpg;0,3;12,29;8,05;4,73;2,41;0,91;0,3844
ALSANCAK;GENEL DOKU;SNA;Image_34892.jpg;0,22;20,52;19,51;18,71;0,58;0,21;0,262
ALSANCAK;GENEL DOKU;SNA;Image_34892.jpg;0,28;4,15;3,14;2,35;0,58;0,21;0,3728
ALSANCAK;GENEL DOKU;SNA;Image_34892.jpg;0,3;2,97;1,96;1,17;0,58;0,21;0,4234
ALSANCAK;GENEL DOKU;SNA;Image_34893.jpg;0,22;38,92;36,32;34,13;1,78;0,41;0,2714
ALSANCAK;GENEL DOKU;SNA;Image_34893.jpg;0,28;12,42;9,81;7,62;1,78;0,41;0,3452
ALSANCAK;GENEL DOKU;SNA;Image_34893.jpg;0,3;8,88;6,27;4,08;1,78;0,41;0,3768
ALSANCAK;GENEL DOKU;SNA;Image_34897.jpg;0,22;5,13;4,78;4,56;0,11;0,12;0,2869
ALSANCAK;GENEL DOKU;SNA;Image_34897.jpg;0,28;1,35;1,01;0,78;0,11;0,12;0,4536
ALSANCAK;GENEL DOKU;SNA;Image_34897.jpg;0,3;0,95;0,61;0,38;0,11;0,12;0,5617
ALSANCAK;GENEL DOKU;SNA;Image_34896.jpg;0,22;11,87;11,52;11,29;0,11;0,12;0,2587
ALSANCAK;GENEL DOKU;SNA;Image_34896.jpg;0,28;1,62;1,27;1,04;0,11;0,12;0,4142
ALSANCAK;GENEL DOKU;SNA;Image_34896.jpg;0,3;1,02;0,67;0,44;0,11;0,12;0,525
ALSANCAK;GENEL DOKU;SNA;Image_34894.jpg;0,22;16,98;15,39;14,0;1,2;0,19;0,28
ALSANCAK;GENEL DOKU;SNA;Image_34894.jpg;0,28;6,25;4,66;3,26;1,2;0,19;0,3647
ALSANCAK;GENEL DOKU;SNA;Image_34894.jpg;0,3;4,87;3,28;1,88;1,2;0,19;0,3965
ALSANCAK;GENEL DOKU;SNA;Image_34895.jpg;0,22;15,57;15,04;14,64;0,28;0,12;0,2589
ALSANCAK;GENEL DOKU;SNA;Image_34895.jpg;0,28;2,4;1,88;1,48;0,28;0,12;0,391
ALSANCAK;GENEL DOKU;SNA;Image_34895.jpg;0,3;1,59;1,07;0,67;0,28;0,12;0,4681
ALSANCAK;GENEL DOKU;MAL;Image_34867.jpg;0,22;3,58;3,27;3,07;0,07;0,12;0,2947
ALSANCAK;GENEL DOKU;MAL;Image_34867.jpg;0,28;0,84;0,52;0,33;0,07;0,12;0,5848
ALSANCAK;GENEL DOKU;MAL;Image_34867.jpg;0,3;0,66;0,35;0,15;0,07;0,12;0,7322
ALSANCAK;GENEL DOKU;MAL;Image_34873.jpg;0,22;27,84;26,45;25,22;1,08;0,15;0,2709
ALSANCAK;GENEL DOKU;MAL;Image_34873.jpg;0,28;8,74;7,35;6,12;1,08;0,15;0,3375
ALSANCAK;GENEL DOKU;MAL;Image_34873.jpg;0,3;5,75;4,36;3,13;1,08;0,15;0,3706
ALSANCAK;GENEL DOKU;MAL;Image_34872.jpg;0,22;39,67;36,9;34,3;2,43;0,17;0,2751
ALSANCAK;GENEL DOKU;MAL;Image_34872.jpg;0,28;14,63;11,86;9,26;2,43;0,17;0,3366
ALSANCAK;GENEL DOKU;MAL;Image_34872.jpg;0,3;10,59;7,82;5,22;2,43;0,17;0,361
ALSANCAK;GENEL DOKU;MAL;Image_34866.jpg;0,22;1,3;0,98;0,78;0,07;0,13;0,4174
ALSANCAK;GENEL DOKU;MAL;Image_34866.jpg;0,28;0,67;0,35;0,15;0,07;0,13;0,7342
ALSANCAK;GENEL DOKU;MAL;Image_34866.jpg;0,3;0,61;0,28;0,08;0,07;0,13;0,8385
ALSANCAK;GENEL DOKU;MAL;Image_34870.jpg;0,22;23,58;22,98;22,52;0,33;0,14;0,2582
ALSANCAK;GENEL DOKU;MAL;Image_34870.jpg;0,28;4,02;3,42;2,96;0,33;0,14;0,351
ALSANCAK;GENEL DOKU;MAL;Image_34870.jpg;0,3;2,39;1,79;1,33;0,33;0,14;0,4079
ALSANCAK;GENEL DOKU;MAL;Image_34871.jpg;0,22;14,16;13,78;13,52;0,14;0,12;0,2586
ALSANCAK;GENEL DOKU;MAL;Image_34871.jpg;0,28;2,06;1,68;1,42;0,14;0,12;0,39
ALSANCAK;GENEL DOKU;MAL;Image_34871.jpg;0,3;1,26;0,88;0,62;0,14;0,12;0,4821
ALSANCAK;GENEL DOKU;MAL;Image_34875.jpg;0,22;44,29;43,82;43,46;0,26;0,1;0,2544
ALSANCAK;GENEL DOKU;MAL;Image_34875.jpg;0,28;6,01;5,55;5,19;0,26;0,1;0,3244
ALSANCAK;GENEL DOKU;MAL;Image_34875.jpg;0,3;2,73;2,27;1,91;0,26;0,1;0,3761
ALSANCAK;GENEL DOKU;MAL;Image_34874.jpg;0,22;27,51;27,14;26,9;0,12;0,12;0,2488
ALSANCAK;GENEL DOKU;MAL;Image_34874.jpg;0,28;2,37;2,0;1,75;0,12;0,12;0,3757
ALSANCAK;GENEL DOKU;MAL;Image_34874.jpg;0,3;1,27;0,91;0,66;0,12;0,12;0,4813
ALSANCAK;GENEL DOKU;MAL;Image_34889.jpg;0,22;56,89;53,86;50,99;2,7;0,17;0,2734
ALSANCAK;GENEL DOKU;MAL;Image_34889.jpg;0,28;20,87;17,83;14,96;2,7;0,17;0,3254
ALSANCAK;GENEL DOKU;MAL;Image_34889.jpg;0,3;13,68;10,64;7,77;2,7;0,17;0,3497
ALSANCAK;GENEL DOKU;MAL;Image_34876.jpg;0,22;16,98;16,54;16,21;0,22;0,11;0,257
ALSANCAK;GENEL DOKU;MAL;Image_34876.jpg;0,28;2,53;2,09;1,77;0,22;0,11;0,3724
ALSANCAK;GENEL DOKU;MAL;Image_34876.jpg;0,3;1,54;1,1;0,77;0,22;0,11;0,4477
ALSANCAK;GENEL DOKU;MAL;Image_34877.jpg;0,22;9,43;9,13;8,95;0,07;0,12;0,2576
ALSANCAK;GENEL DOKU;MAL;Image_34877.jpg;0,28;1,06;0,76;0,58;0,07;0,12;0,4715
ALSANCAK;GENEL DOKU;MAL;Image_34877.jpg;0,3;0,71;0,41;0,22;0,07;0,12;0,63
ALSANCAK;GENEL DOKU;MAL;Image_34888.jpg;0,22;70,04;58,43;47,46;10,31;0,65;0,3029
ALSANCAK;GENEL DOKU;MAL;Image_34888.jpg;0,28;44,2;32,58;21,62;10,31;0,65;0,3449
ALSANCAK;GENEL DOKU;MAL;Image_34888.jpg;0,3;36,58;24,96;14,0;10,31;0,65;0,3616
ALSANCAK;GENEL DOKU;MAL;Image_34885.jpg;0,22;91,72;74,08;57,35;15,83;0,9;0,3128
ALSANCAK;GENEL DOKU;MAL;Image_34885.jpg;0,28;66,26;48,63;31,9;15,83;0,9;0,3442
ALSANCAK;GENEL DOKU;MAL;Image_34885.jpg;0,3;55,76;38,13;21,4;15,83;0,9;0,3592
ALSANCAK;GENEL DOKU;MAL;Image_34891.jpg;0,22;92,3;71,59;51,8;18,86;0,93;0,3185
ALSANCAK;GENEL DOKU;MAL;Image_34891.jpg;0,28;68,78;48,07;28,29;18,86;0,93;0,3513
ALSANCAK;GENEL DOKU;MAL;Image_34891.jpg;0,3;60,03;39,31;19,53;18,86;0,93;0,3649
ALSANCAK;GENEL DOKU;MAL;Image_34890.jpg;0,22;76,85;59,58;43,16;15,58;0,84;0,3174
ALSANCAK;GENEL DOKU;MAL;Image_34890.jpg;0,28;55,48;38,21;21,79;15,58;0,84;0,3549
ALSANCAK;GENEL DOKU;MAL;Image_34890.jpg;0,3;48,49;31,22;14,8;15,58;0,84;0,3694
ALSANCAK;GENEL DOKU;MAL;Image_34884.jpg;0,22;85,27;61,39;39,54;19,81;2,04;0,3335
ALSANCAK;GENEL DOKU;MAL;Image_34884.jpg;0,28;67,08;43,2;21,35;19,81;2,04;0,3683
ALSANCAK;GENEL DOKU;MAL;Image_34884.jpg;0,3;60,57;36,69;14,84;19,81;2,04;0,3822
ALSANCAK;GENEL DOKU;MAL;Image_34886.jpg;0,22;50,81;47,84;45,1;2,5;0,24;0,2731
ALSANCAK;GENEL DOKU;MAL;Image_34886.jpg;0,28;17,59;14,61;11,88;2,5;0,24;0,3317
ALSANCAK;GENEL DOKU;MAL;Image_34886.jpg;0,3;11,74;8,77;6,04;2,5;0,24;0,3601
ALSANCAK;GENEL DOKU;MAL;Image_34879.jpg;0,22;15,1;14,54;14,1;0,32;0,12;0,2638
ALSANCAK;GENEL DOKU;MAL;Image_34879.jpg;0,28;3,2;2,64;2,2;0,32;0,12;0,3642
ALSANCAK;GENEL DOKU;MAL;Image_34879.jpg;0,3;2,1;1,55;1,11;0,32;0,12;0,4175
ALSANCAK;GENEL DOKU;MAL;Image_34878.jpg;0,22;2,43;2,17;2,03;0,02;0,12;0,3082
ALSANCAK;GENEL DOKU;MAL;Image_34878.jpg;0,28;0,56;0,31;0,17;0,02;0,12;0,7293
ALSANCAK;GENEL DOKU;MAL;Image_34878.jpg;0,3;0,47;0,21;0,08;0,02;0,12;0,9197
ALSANCAK;GENEL DOKU;MAL;Image_34883.jpg;0,22;118,27;80,74;44,57;34,8;1,36;0,3443
ALSANCAK;GENEL DOKU;MAL;Image_34883.jpg;0,28;102,62;65,09;28,93;34,8;1,36;0,3663
ALSANCAK;GENEL DOKU;MAL;Image_34883.jpg;0,3;95,28;57,75;21,58;34,8;1,36;0,376
ALSANCAK;GENEL DOKU;MAL;Image_34868.jpg;0,22;19,14;18,5;18,01;0,35;0,14;0,2578
ALSANCAK;GENEL DOKU;MAL;Image_34868.jpg;0,28;3,03;2,4;1,91;0,35;0,14;0,382
ALSANCAK;GENEL DOKU;MAL;Image_34868.jpg;0,3;2,04;1,41;0,92;0,35;0,14;0,4476
ALSANCAK;GENEL DOKU;MAL;Image_34869.jpg;0,22;10,01;9,22;8,56;0,54;0,12;0,2809
ALSANCAK;GENEL DOKU;MAL;Image_34869.jpg;0,28;3,31;2,52;1,86;0,54;0,12;0,3804
ALSANCAK;GENEL DOKU;MAL;Image_34869.jpg;0,3;2,46;1,67;1,0;0,54;0,12;0,4272
ALSANCAK;GENEL DOKU;MAL;Image_34882.jpg;0,22;6,05;5,83;5,7;0,03;0,1;0,2691
ALSANCAK;GENEL DOKU;MAL;Image_34882.jpg;0,28;1,09;0,86;0,73;0,03;0,1;0,4284
ALSANCAK;GENEL DOKU;MAL;Image_34882.jpg;0,3;0,64;0,42;0,29;0,03;0,1;0,5758
ALSANCAK;GENEL DOKU;MAL;Image_34880.jpg;0,22;8,9;8,04;7,34;0,55;0,16;0,2825
ALSANCAK;GENEL DOKU;MAL;Image_34880.jpg;0,28;3,15;2,29;1,59;0,55;0,16;0,3848
ALSANCAK;GENEL DOKU;MAL;Image_34880.jpg;0,3;2,46;1,6;0,9;0,55;0,16;0,426
ALSANCAK;GENEL DOKU;MAL;Image_34881.jpg;0,22;3,82;3,52;3,33;0,08;0,11;0,2904
ALSANCAK;GENEL DOKU;MAL;Image_34881.jpg;0,28;1,03;0,73;0,54;0,08;0,11;0,4732
ALSANCAK;GENEL DOKU;MAL;Image_34881.jpg;0,3;0,77;0,47;0,29;0,08;0,11;0,573
ALSANCAK;GENEL DOKU;WGA;Image_34913.jpg;0,22;58,78;46,0;35,26;8,68;2,05;0,3122
ALSANCAK;GENEL DOKU;WGA;Image_34913.jpg;0,28;36,81;24,03;13,3;8,68;2,05;0,371
ALSANCAK;GENEL DOKU;WGA;Image_34913.jpg;0,3;31,8;19,01;8,28;8,68;2,05;0,3924
ALSANCAK;GENEL DOKU;WGA;Image_34907.jpg;0,22;36,22;27,1;19,36;6,36;1,38;0,3228
ALSANCAK;GENEL DOKU;WGA;Image_34907.jpg;0,28;24,51;15,39;7,65;6,36;1,38;0,3799
ALSANCAK;GENEL DOKU;WGA;Image_34907.jpg;0,3;21,79;12,67;4,93;6,36;1,38;0,3993
ALSANCAK;GENEL DOKU;WGA;Image_34912.jpg;0,22;59,65;52,36;45,68;6,08;0,61;0,2876
ALSANCAK;GENEL DOKU;WGA;Image_34912.jpg;0,28;28,67;21,38;14,69;6,08;0,61;0,3462
ALSANCAK;GENEL DOKU;WGA;Image_34912.jpg;0,3;22,59;15,29;8,61;6,08;0,61;0,3687
ALSANCAK;GENEL DOKU;WGA;Image_34910.jpg;0,22;36,98;31,6;26,41;4,99;0,2;0,297
ALSANCAK;GENEL DOKU;WGA;Image_34910.jpg;0,28;21,16;15,77;10,58;4,99;0,2;0,3464
ALSANCAK;GENEL DOKU;WGA;Image_34910.jpg;0,3;17,36;11,97;6,79;4,99;0,2;0,3643
ALSANCAK;GENEL DOKU;WGA;Image_34911.jpg;0,22;51,93;44,64;37,77;6,45;0,42;0,2909
ALSANCAK;GENEL DOKU;WGA;Image_34911.jpg;0,28;25,99;18,71;11,84;6,45;0,42;0,352
ALSANCAK;GENEL DOKU;WGA;Image_34911.jpg;0,3;21,24;13,95;7,08;6,45;0,42;0,3734
ALSANCAK;GENEL DOKU;WGA;Image_34915.jpg;0,22;77,26;60,81;46,81;11,55;2,45;0,3135
ALSANCAK;GENEL DOKU;WGA;Image_34915.jpg;0,28;50,58;34,13;20,12;11,55;2,45;0,3636
ALSANCAK;GENEL DOKU;WGA;Image_34915.jpg;0,3;43,32;26,86;12,86;11,55;2,45;0,3836
ALSANCAK;GENEL DOKU;WGA;Image_34914.jpg;0,22;53,29;37,24;23,46;11,51;2,27;0,3374
ALSANCAK;GENEL DOKU;WGA;Image_34914.jpg;0,28;40,23;24,18;10,4;11,51;2,27;0,3858
ALSANCAK;GENEL DOKU;WGA;Image_34914.jpg;0,3;36,85;20,8;7,02;11,51;2,27;0,4014
ALSANCAK;GENEL DOKU;WGA;Image_34916.jpg;0,22;37,86;32,24;26,85;5,16;0,23;0,2975
ALSANCAK;GENEL DOKU;WGA;Image_34916.jpg;0,28;21,69;16,07;10,68;5,16;0,23;0,3475
ALSANCAK;GENEL DOKU;WGA;Image_34916.jpg;0,3;17,78;12,16;6,77;5,16;0,23;0,3661
ALSANCAK;GENEL DOKU;WGA;Image_34917.jpg;0,22;45,3;35,74;26,66;8,61;0,48;0,3122
ALSANCAK;GENEL DOKU;WGA;Image_34917.jpg;0,28;30,35;20,79;11,7;8,61;0,48;0,3582
ALSANCAK;GENEL DOKU;WGA;Image_34917.jpg;0,3;26,39;16,83;7,75;8,61;0,48;0,3743
ALSANCAK;GENEL DOKU;WGA;Image_34919.jpg;0,22;64,22;48,01;35,26;9,27;3,48;0,3216
ALSANCAK;GENEL DOKU;WGA;Image_34919.jpg;0,28;41,5;25,28;12,54;9,27;3,48;0,3889
ALSANCAK;GENEL DOKU;WGA;Image_34919.jpg;0,3;36,83;20,61;7,87;9,27;3,48;0,4115
ALSANCAK;GENEL DOKU;WGA;Image_34918.jpg;0,22;73,09;56,79;43,03;11,22;2,54;0,3175
ALSANCAK;GENEL DOKU;WGA;Image_34918.jpg;0,28;49,64;33,34;19,58;11,22;2,54;0,3651
ALSANCAK;GENEL DOKU;WGA;Image_34918.jpg;0,3;42,76;26,46;12,71;11,22;2,54;0,3847
ALSANCAK;GENEL DOKU;WGA;Image_34920.jpg;0,22;92,72;62,93;38,94;18,18;5,8;0,3481
ALSANCAK;GENEL DOKU;WGA;Image_34920.jpg;0,28;73,68;43,89;19,9;18,18;5,8;0,3904
ALSANCAK;GENEL DOKU;WGA;Image_34920.jpg;0,3;67,32;37,53;13,54;18,18;5,8;0,4074
ALSANCAK;GENEL DOKU;WGA;Image_34908.jpg;0,22;20,18;18,72;17,41;1,19;0,13;0,2788
ALSANCAK;GENEL DOKU;WGA;Image_34908.jpg;0,28;7,53;6,08;4,76;1,19;0,13;0,3478
ALSANCAK;GENEL DOKU;WGA;Image_34908.jpg;0,3;5,43;3,98;2,66;1,19;0,13;0,3786
ALSANCAK;GENEL DOKU;WGA;Image_34909.jpg;0,22;28,39;25,07;21,9;3,02;0,15;0,29
ALSANCAK;GENEL DOKU;WGA;Image_34909.jpg;0,28;14,41;11,1;7,93;3,02;0,15;0,3438
ALSANCAK;GENEL DOKU;WGA;Image_34909.jpg;0,3;11,36;8,04;4,87;3,02;0,15;0,3645
ALSANCAK;GENEL DOKU;WGA;Image_34921.jpg;0,22;44,4;35,97;28,81;5,91;1,26;0,3059
ALSANCAK;GENEL DOKU;WGA;Image_34921.jpg;0,28;26,52;18,1;10,93;5,91;1,26;0,363
ALSANCAK;GENEL DOKU;WGA;Image_34921.jpg;0,3;22,3;13,88;6,71;5,91;1,26;0,3853
ALSANCAK;GENEL DOKU;WGA;Image_34922.jpg;0,22;47,76;39,54;32,31;6,24;0,99;0,3019
ALSANCAK;GENEL DOKU;WGA;Image_34922.jpg;0,28;27,58;19,36;12,13;6,24;0,99;0,3582
ALSANCAK;GENEL DOKU;WGA;Image_34922.jpg;0,3;22,94;14,72;7,49;6,24;0,99;0,3798
ALSANCAK;GONAD;SNA;Image_34941copy.jpg;0,22;59,11;46,48;36,06;8,21;2,21;0,3221
ALSANCAK;GONAD;SNA;Image_34941copy.jpg;0,28;37,78;25,15;14,74;8,21;2,21;0,3844
ALSANCAK;GONAD;SNA;Image_34941copy.jpg;0,3;32,38;19,75;9,33;8,21;2,21;0,4103
ALSANCAK;GONAD;SNA;Image_34949.jpg;0,22;2,47;2,15;1,96;0,08;0,12;0,3237
ALSANCAK;GONAD;SNA;Image_34949.jpg;0,28;0,87;0,55;0,36;0,08;0,12;0,5633
ALSANCAK;GONAD;SNA;Image_34949.jpg;0,3;0,71;0,39;0,2;0,08;0,12;0,6747
ALSANCAK;GONAD;SNA;Image_34948.jpg;0,22;6,49;6,01;5,66;0,22;0,13;0,2784
ALSANCAK;GONAD;SNA;Image_34948.jpg;0,28;1,57;1,09;0,74;0,22;0,13;0,4511
ALSANCAK;GONAD;SNA;Image_34948.jpg;0,3;1,22;0,74;0,39;0,22;0,13;0,5284
ALSANCAK;GONAD;SNA;Image_34951.jpg;0,22;14,03;12,71;11,69;0,72;0,3;0,2733
ALSANCAK;GONAD;SNA;Image_34951.jpg;0,28;4,03;2,71;1,7;0,72;0,3;0,3925
ALSANCAK;GONAD;SNA;Image_34951.jpg;0,3;3,22;1,9;0,88;0,72;0,3;0,4367
ALSANCAK;GONAD;SNA;Image_34945.jpg;0,22;1,58;1,27;1,1;0,05;0,13;0,3659
ALSANCAK;GONAD;SNA;Image_34945.jpg;0,28;0,61;0,31;0,13;0,05;0,13;0,768
ALSANCAK;GONAD;SNA;Image_34945.jpg;0,3;0,55;0,24;0,07;0,05;0,13;0,8944
ALSANCAK;GONAD;SNA;Image_34944.jpg;0,22;3,1;2,46;2,05;0,17;0,23;0,3378
ALSANCAK;GONAD;SNA;Image_34944.jpg;0,28;1,36;0,72;0,31;0,17;0,23;0,5738
ALSANCAK;GONAD;SNA;Image_34944.jpg;0,3;1,21;0,57;0,17;0,17;0,23;0,6449
ALSANCAK;GONAD;SNA;Image_34950.jpg;0,22;9,77;9,25;8,87;0,25;0,14;0,2699
ALSANCAK;GONAD;SNA;Image_34950.jpg;0,28;2,19;1,67;1,29;0,25;0,14;0,4
ALSANCAK;GONAD;SNA;Image_34950.jpg;0,3;1,54;1,02;0,64;0,25;0,14;0,4706
ALSANCAK;GONAD;SNA;Image_34946.jpg;0,22;5,21;4,89;4,69;0,06;0,13;0,2779
ALSANCAK;GONAD;SNA;Image_34946.jpg;0,28;0,95;0,62;0,43;0,06;0,13;0,5344
ALSANCAK;GONAD;SNA;Image_34946.jpg;0,3;0,71;0,38;0,19;0,06;0,13;0,6897
ALSANCAK;GONAD;SNA;Image_34952.jpg;0,22;5,16;4,89;4,72;0,07;0,1;0,2732
ALSANCAK;GONAD;SNA;Image_34952.jpg;0,28;0,93;0,66;0,49;0,07;0,1;0,4892
ALSANCAK;GONAD;SNA;Image_34952.jpg;0,3;0,68;0,41;0,24;0,07;0,1;0,6129
ALSANCAK;GONAD;SNA;Image_34953.jpg;0,22;6,46;6,23;6,1;0,03;0,1;0,2616
ALSANCAK;GONAD;SNA;Image_34953.jpg;0,28;0,75;0,52;0,39;0,03;0,1;0,5091
ALSANCAK;GONAD;SNA;Image_34953.jpg;0,3;0,5;0,27;0,14;0,03;0,1;0,7098
ALSANCAK;GONAD;SNA;Image_34947.jpg;0,22;11,87;11,23;10,71;0,4;0,12;0,2665
ALSANCAK;GONAD;SNA;Image_34947.jpg;0,28;2,54;1,9;1,38;0,4;0,12;0,3946
ALSANCAK;GONAD;SNA;Image_34947.jpg;0,3;1,86;1,22;0,7;0,4;0,12;0,454
ALSANCAK;GONAD;SNA;Image_34956.jpg;0,22;29,47;27,94;26,62;1,12;0,2;0,2747
ALSANCAK;GONAD;SNA;Image_34956.jpg;0,28;10,56;9,04;7,71;1,12;0,2;0,332
ALSANCAK;GONAD;SNA;Image_34956.jpg;0,3;6,95;5,42;4,1;1,12;0,2;0,3606
ALSANCAK;GONAD;SNA;Image_34942.jpg;0,22;24,5;23,08;21,84;1,08;0,17;0,274
ALSANCAK;GONAD;SNA;Image_34942.jpg;0,28;8,19;6,78;5,53;1,08;0,17;0,339
ALSANCAK;GONAD;SNA;Image_34942.jpg;0,3;5,48;4,07;2,82;1,08;0,17;0,3721
ALSANCAK;GONAD;SNA;Image_34954.jpg;0,22;10,62;10,12;9,75;0,24;0,13;0,2693
ALSANCAK;GONAD;SNA;Image_34954.jpg;0,28;2,47;1,96;1,59;0,24;0,13;0,3778
ALSANCAK;GONAD;SNA;Image_34954.jpg;0,3;1,61;1,11;0,74;0,24;0,13;0,4462
ALSANCAK;GONAD;SNA;Image_34940.jpg;0,22;14,86;13,45;12,31;0,86;0,28;0,2829
ALSANCAK;GONAD;SNA;Image_34940.jpg;0,28;5,64;4,22;3,09;0,86;0,28;0,3644
ALSANCAK;GONAD;SNA;Image_34940.jpg;0,3;4,16;2,75;1,61;0,86;0,28;0,4048
ALSANCAK;GONAD;SNA;Image_34941.jpg;0,22;8,48;7,77;7,19;0,44;0,13;0,2677
ALSANCAK;GONAD;SNA;Image_34941.jpg;0,28;1,76;1,05;0,47;0,44;0,13;0,4698
ALSANCAK;GONAD;SNA;Image_34941.jpg;0,3;1,54;0,83;0,26;0,44;0,13;0,5162
ALSANCAK;GONAD;SNA;Image_34955.jpg;0,22;22,48;21,7;21,06;0,51;0,13;0,2628
ALSANCAK;GONAD;SNA;Image_34955.jpg;0,28;4,81;4,03;3,39;0,51;0,13;0,3469
ALSANCAK;GONAD;SNA;Image_34955.jpg;0,3;3,0;2,22;1,58;0,51;0,13;0,3943
ALSANCAK;GONAD;WGA;Image_34958.jpg;0,22;56,92;44,07;33,7;7,88;2,49;0,3421
ALSANCAK;GONAD;WGA;Image_34958.jpg;0,28;38,2;25,35;14,98;7,88;2,49;0,4106
ALSANCAK;GONAD;WGA;Image_34958.jpg;0,3;32,98;20,12;9,75;7,88;2,49;0,442
ALSANCAK;GONAD;WGA;Image_34970.jpg;0,22;73,39;45,53;24,43;14,34;6,76;0,369
ALSANCAK;GONAD;WGA;Image_34970.jpg;0,28;60,2;32,34;11,24;14,34;6,76;0,4181
ALSANCAK;GONAD;WGA;Image_34970.jpg;0,3;56,56;28,7;7,6;14,34;6,76;0,4343
ALSANCAK;GONAD;WGA;Image_34964.jpg;0,22;63,95;46,98;31,89;13,21;1,88;0,3278
ALSANCAK;GONAD;WGA;Image_34964.jpg;0,28;47,02;30,05;14,96;13,21;1,88;0,3721
ALSANCAK;GONAD;WGA;Image_34964.jpg;0,3;42,1;25,13;10,04;13,21;1,88;0,3882
ALSANCAK;GONAD;WGA;Image_34965.jpg;0,22;90,84;61,29;34,95;23,11;3,22;0,3466
ALSANCAK;GONAD;WGA;Image_34965.jpg;0,28;74,53;44,98;18,65;23,11;3,22;0,3818
ALSANCAK;GONAD;WGA;Image_34965.jpg;0,3;69,16;39,61;13,27;23,11;3,22;0,3943
ALSANCAK;GONAD;WGA;Image_34971.jpg;0,22;74,75;46,86;25,4;15,02;6,44;0,3666
ALSANCAK;GONAD;WGA;Image_34971.jpg;0,28;61,75;33,86;12,4;15,02;6,44;0,4117
ALSANCAK;GONAD;WGA;Image_34971.jpg;0,3;57,87;29,97;8,52;15,02;6,44;0,4275
ALSANCAK;GONAD;WGA;Image_34959.jpg;0,22;53,35;37,29;23,16;12,19;1,94;0,3393
ALSANCAK;GONAD;WGA;Image_34959.jpg;0,28;41,53;25,46;11,33;12,19;1,94;0,3811
ALSANCAK;GONAD;WGA;Image_34959.jpg;0,3;37,95;21,88;7,75;12,19;1,94;0,396
ALSANCAK;GONAD;WGA;Image_34967.jpg;0,22;83,3;51,63;25,26;21,05;5,31;0,3666
ALSANCAK;GONAD;WGA;Image_34967.jpg;0,28;71,28;39,6;13,24;21,05;5,31;0,4021
ALSANCAK;GONAD;WGA;Image_34967.jpg;0,3;67,44;35,77;9,41;21,05;5,31;0,4141
ALSANCAK;GONAD;WGA;Image_34973.jpg;0,22;101,48;64,05;33,14;24,4;6,51;0,3642
ALSANCAK;GONAD;WGA;Image_34973.jpg;0,28;86,6;49,17;18,26;24,4;6,51;0,3986
ALSANCAK;GONAD;WGA;Image_34973.jpg;0,3;81,29;43,87;12,96;24,4;6,51;0,4118
ALSANCAK;GONAD;WGA;Image_34972.jpg;0,22;107,16;62,25;27,89;23,82;10,54;0,3867
ALSANCAK;GONAD;WGA;Image_34972.jpg;0,28;94,19;49,28;14,92;23,82;10,54;0,4227
ALSANCAK;GONAD;WGA;Image_34972.jpg;0,3;89,84;44,93;10,57;23,82;10,54;0,4355
ALSANCAK;GONAD;WGA;Image_34966.jpg;0,22;55,41;36,91;20,62;14,1;2,2;0,3501
ALSANCAK;GONAD;WGA;Image_34966.jpg;0,28;45,17;26,67;10,37;14,1;2,2;0,3887
ALSANCAK;GONAD;WGA;Image_34966.jpg;0,3;42,04;23,55;7,25;14,1;2,2;0,4018
ALSANCAK;GONAD;WGA;Image_34962.jpg;0,22;122,54;80,25;43,14;31,93;5,18;0,3546
ALSANCAK;GONAD;WGA;Image_34962.jpg;0,28;104,45;62,16;25,05;31,93;5,18;0,3845
ALSANCAK;GONAD;WGA;Image_34962.jpg;0,3;97,43;55,14;18,03;31,93;5,18;0,3966
ALSANCAK;GONAD;WGA;Image_34963.jpg;0,22;66,51;45,0;26,28;15,93;2,79;0,3461
ALSANCAK;GONAD;WGA;Image_34963.jpg;0,28;53,19;31,67;12,96;15,93;2,79;0,3867
ALSANCAK;GONAD;WGA;Image_34963.jpg;0,3;49,11;27,6;8,88;15,93;2,79;0,401
ALSANCAK;GONAD;WGA;Image_34961.jpg;0,22;57,71;41,29;27,57;11,03;2,7;0,3361
ALSANCAK;GONAD;WGA;Image_34961.jpg;0,28;42,66;26,24;12,51;11,03;2,7;0,3862
ALSANCAK;GONAD;WGA;Image_34961.jpg;0,3;38,48;22,06;8,33;11,03;2,7;0,4045
ALSANCAK;GONAD;WGA;Image_34960.jpg;0,22;56,7;44,65;33,43;10,4;0,82;0,3146
ALSANCAK;GONAD;WGA;Image_34960.jpg;0,28;39,18;27,13;15,9;10,4;0,82;0,3565
ALSANCAK;GONAD;WGA;Image_34960.jpg;0,3;33,86;21,81;10,58;10,4;0,82;0,3728
ALSANCAK;GONAD;WGA;Image_34974.jpg;0,22;88,97;46,6;18,58;13,66;14,35;0,4201
ALSANCAK;GONAD;WGA;Image_34974.jpg;0,28;79,15;36,77;8,76;13,66;14,35;0,4659
ALSANCAK;GONAD;WGA;Image_34974.jpg;0,3;76,39;34,02;6,0;13,66;14,35;0,4801
ALSANCAK;GONAD;WGA;Image_34957.jpg;0,22;44,27;36,37;29,31;6,22;0,84;0,3037
ALSANCAK;GONAD;WGA;Image_34957.jpg;0,28;26,34;18,44;11,38;6,22;0,84;0,3576
ALSANCAK;GONAD;WGA;Image_34957.jpg;0,3;22,01;14,12;7,06;6,22;0,84;0,3784
ALSANCAK;GONAD;WGA;Image_34968.jpg;0,22;57,19;38,46;21,95;14,28;2,23;0,348
ALSANCAK;GONAD;WGA;Image_34968.jpg;0,28;46,46;27,73;11,22;14,28;2,23;0,3861
ALSANCAK;GONAD;WGA;Image_34968.jpg;0,3;43,06;24,33;7,82;14,28;2,23;0,3995
ALSANCAK;GONAD;WGA;Image_34969.jpg;0,22;66,42;45,31;27,77;13,94;3,59;0,3438
ALSANCAK;GONAD;WGA;Image_34969.jpg;0,28;51,39;30,27;12,74;13,94;3,59;0,391
ALSANCAK;GONAD;WGA;Image_34969.jpg;0,3;47,24;26,12;8,59;13,94;3,59;0,4071
ALSANCAK;GONAD;WGA;Image_34957copy.jpg;0,22;99,63;53,34;21,82;16,76;14,76;0,4582
ALSANCAK;GONAD;WGA;Image_34957copy.jpg;0,28;89,04;42,76;11,24;16,76;14,76;0,5098
ALSANCAK;GONAD;WGA;Image_34957copy.jpg;0,3;85,68;39,39;7,87;16,76;14,76;0,5286
ALSANCAK;GONAD;MAL;Image_34938.jpg;0,22;79,77;65,32;51,49;13,21;0,62;0,3085
ALSANCAK;GONAD;MAL;Image_34938.jpg;0,28;54,58;40,14;26,31;13,21;0,62;0,3444
ALSANCAK;GONAD;MAL;Image_34938.jpg;0,3;45,66;31,21;17,38;13,21;0,62;0,3599
ALSANCAK;GONAD;MAL;Image_34939.jpg;0,22;77,84;59,06;41,63;16,09;1,34;0,3225
ALSANCAK;GONAD;MAL;Image_34939.jpg;0,28;58,03;39,25;21,82;16,09;1,34;0,3585
ALSANCAK;GONAD;MAL;Image_34939.jpg;0,3;50,84;32,07;14,64;16,09;1,34;0,3738
ALSANCAK;GONAD;MAL;Image_34929.jpg;0,22;41,92;27,78;16,57;8,27;2,93;0,356
ALSANCAK;GONAD;MAL;Image_34929.jpg;0,28;33,52;19,38;8,17;8,27;2,93;0,4017
ALSANCAK;GONAD;MAL;Image_34929.jpg;0,3;30,77;16,63;5,42;8,27;2,93;0,4202
ALSANCAK;GONAD;MAL;Image_34928.jpg;0,22;48,18;42,64;37,35;5,04;0,25;0,2922
ALSANCAK;GONAD;MAL;Image_34928.jpg;0,28;26,57;21,04;15,74;5,04;0,25;0,3364
ALSANCAK;GONAD;MAL;Image_34928.jpg;0,3;20,74;15,2;9,91;5,04;0,25;0,3542
ALSANCAK;GONAD;MAL;Image_34923copy.jpg;0,22;96,92;60,56;32,3;20,16;8,1;0,3842
ALSANCAK;GONAD;MAL;Image_34923copy.jpg;0,28;81,59;45,23;16,96;20,16;8,1;0,4294
ALSANCAK;GONAD;MAL;Image_34923copy.jpg;0,3;76,42;40,06;11,8;20,16;8,1;0,4474
ALSANCAK;GONAD;MAL;Image_34932.jpg;0,22;61,87;50,22;38,9;11,0;0,32;0,3088
ALSANCAK;GONAD;MAL;Image_34932.jpg;0,28;41,53;29,89;18,56;11,0;0,32;0,3486
ALSANCAK;GONAD;MAL;Image_34932.jpg;0,3;35,29;23,64;12,32;11,0;0,32;0,3641
ALSANCAK;GONAD;MAL;Image_34926.jpg;0,22;35,84;31,8;28,0;3,55;0,24;0,2898
ALSANCAK;GONAD;MAL;Image_34926.jpg;0,28;18,24;14,2;10,41;3,55;0,24;0,3416
ALSANCAK;GONAD;MAL;Image_34926.jpg;0,3;14,2;10,16;6,37;3,55;0,24;0,3623
ALSANCAK;GONAD;MAL;Image_34927.jpg;0,22;55,64;48,16;41,54;5,77;0,85;0,2959
ALSANCAK;GONAD;MAL;Image_34927.jpg;0,28;30,42;22,95;16,33;5,77;0,85;0,3472
ALSANCAK;GONAD;MAL;Image_34927.jpg;0,3;23,94;16,47;9,85;5,77;0,85;0,3699
ALSANCAK;GONAD;MAL;Image_34933.jpg;0,22;66,46;58,46;50,67;7,6;0,2;0,2946
ALSANCAK;GONAD;MAL;Image_34933.jpg;0,28;38,86;30,87;23,07;7,6;0,2;0,3338
ALSANCAK;GONAD;MAL;Image_34933.jpg;0,3;30,29;22,29;14,5;7,6;0,2;0,3507
ALSANCAK;GONAD;MAL;Image_34925.jpg;0,22;45,47;41,6;37,98;3,38;0,24;0,2842
ALSANCAK;GONAD;MAL;Image_34925.jpg;0,28;21,56;17,69;14,07;3,38;0,24;0,3327
ALSANCAK;GONAD;MAL;Image_34925.jpg;0,3;15,87;12,0;8,38;3,38;0,24;0,3531
ALSANCAK;GONAD;MAL;Image_34931.jpg;0,22;76,76;55,12;34,42;19,77;0,94;0,3348
ALSANCAK;GONAD;MAL;Image_34931.jpg;0,28;62,36;40,72;20,01;19,77;0,94;0,3641
ALSANCAK;GONAD;MAL;Image_34931.jpg;0,3;56,57;34,93;14,23;19,77;0,94;0,3763
ALSANCAK;GONAD;MAL;Image_34930.jpg;0,22;22,25;17,99;13,95;3,82;0,22;0,308
ALSANCAK;GONAD;MAL;Image_34930.jpg;0,28;13,73;9,48;5,44;3,82;0,22;0,3624
ALSANCAK;GONAD;MAL;Image_34930.jpg;0,3;11,79;7,53;3,49;3,82;0,22;0,3811
ALSANCAK;GONAD;MAL;Image_34924.jpg;0,22;51,61;38,26;27,11;8,97;2,19;0,3304
ALSANCAK;GONAD;MAL;Image_34924.jpg;0,28;38,0;24,66;13,5;8,97;2,19;0,3742
ALSANCAK;GONAD;MAL;Image_34924.jpg;0,3;33,34;20,0;8,84;8,97;2,19;0,3939
ALSANCAK;GONAD;MAL;Image_34934.jpg;0,22;54,05;48,46;43,07;5,2;0,2;0,2882
ALSANCAK;GONAD;MAL;Image_34934.jpg;0,28;28,0;22,41;17,01;5,2;0,2;0,3338
ALSANCAK;GONAD;MAL;Image_34934.jpg;0,3;21,4;15,81;10,42;5,2;0,2;0,3522
ALSANCAK;GONAD;MAL;Image_34935.jpg;0,22;79,55;59,0;39,8;17,85;1,35;0,3256
ALSANCAK;GONAD;MAL;Image_34935.jpg;0,28;59,32;38,77;19,58;17,85;1,35;0,3652
ALSANCAK;GONAD;MAL;Image_34935.jpg;0,3;53,04;32,49;13,29;17,85;1,35;0,3798
ALSANCAK;GONAD;MAL;Image_34937.jpg;0,22;90,56;71,82;54,41;16,06;1,34;0,3164
ALSANCAK;GONAD;MAL;Image_34937.jpg;0,28;66,4;47,66;30,26;16,06;1,34;0,3489
ALSANCAK;GONAD;MAL;Image_34937.jpg;0,3;56,5;37,76;20,36;16,06;1,34;0,3643
ALSANCAK;GONAD;MAL;Image_34923.jpg;0,22;59,52;51,95;45,2;5,93;0,82;0,2927
ALSANCAK;GONAD;MAL;Image_34923.jpg;0,28;31,58;24,01;17,27;5,93;0,82;0,3438
ALSANCAK;GONAD;MAL;Image_34923.jpg;0,3;24,62;17,05;10,31;5,93;0,82;0,3659
ALSANCAK;GONAD;MAL;Image_34936.jpg;0,22;52,74;46,15;39,72;6,27;0,16;0,2931
ALSANCAK;GONAD;MAL;Image_34936.jpg;0,28;29,82;23,23;16,8;6,27;0,16;0,3367
ALSANCAK;GONAD;MAL;Image_34936.jpg;0,3;23,76;17,17;10,74;6,27;0,16;0,3533
PASAPORT;GENEL DOKU;SNA;Image_35111.jpg;0,22;23,42;22,83;22,37;0,33;0,13;0,2607
PASAPORT;GENEL DOKU;SNA;Image_35111.jpg;0,28;4,49;3,91;3,45;0,33;0,13;0,3436
PASAPORT;GENEL DOKU;SNA;Image_35111.jpg;0,3;2,46;1,87;1,41;0,33;0,13;0,4031
PASAPORT;GENEL DOKU;SNA;Image_35105.jpg;0,22;22,24;21,61;21,14;0,33;0,15;0,2609
PASAPORT;GENEL DOKU;SNA;Image_35105.jpg;0,28;4,18;3,55;3,08;0,33;0,15;0,3532
PASAPORT;GENEL DOKU;SNA;Image_35105.jpg;0,3;2,47;1,84;1,36;0,33;0,15;0,4132
PASAPORT;GENEL DOKU;SNA;Image_35104.jpg;0,22;18,63;18,2;17,91;0,14;0,14;0,2524
PASAPORT;GENEL DOKU;SNA;Image_35104.jpg;0,28;1,75;1,32;1,03;0,14;0,14;0,4251
PASAPORT;GENEL DOKU;SNA;Image_35104.jpg;0,3;1,1;0,67;0,39;0,14;0,14;0,5575
PASAPORT;GENEL DOKU;SNA;Image_35110.jpg;0,22;41,38;39,56;37,87;1,56;0,13;0,2698
PASAPORT;GENEL DOKU;SNA;Image_35110.jpg;0,28;13,23;11,4;9,72;1,56;0,13;0,3282
PASAPORT;GENEL DOKU;SNA;Image_35110.jpg;0,3;8,74;6,92;5,24;1,56;0,13;0,3534
PASAPORT;GENEL DOKU;SNA;Image_35099.jpg;0,22;18,82;18,45;18,18;0,16;0,11;0,2534
PASAPORT;GENEL DOKU;SNA;Image_35099.jpg;0,28;2,02;1,65;1,38;0,16;0,11;0,3827
PASAPORT;GENEL DOKU;SNA;Image_35099.jpg;0,3;1,13;0,75;0,48;0,16;0,11;0,4955
PASAPORT;GENEL DOKU;SNA;Image_35106.jpg;0,22;19,88;19,25;18,79;0,29;0,17;0,2566
PASAPORT;GENEL DOKU;SNA;Image_35106.jpg;0,28;2,6;1,97;1,51;0,29;0,17;0,3921
PASAPORT;GENEL DOKU;SNA;Image_35106.jpg;0,3;1,64;1,01;0,55;0,29;0,17;0,49
PASAPORT;GENEL DOKU;SNA;Image_35112.jpg;0,22;27,8;27,38;27,07;0,18;0,12;0,2624
PASAPORT;GENEL DOKU;SNA;Image_35112.jpg;0,28;5,75;5,33;5,02;0,18;0,12;0,3281
PASAPORT;GENEL DOKU;SNA;Image_35112.jpg;0,3;2,67;2,25;1,94;0,18;0,12;0,382
PASAPORT;GENEL DOKU;SNA;Image_35113.jpg;0,22;36,42;35,76;35,24;0,37;0,15;0,2618
PASAPORT;GENEL DOKU;SNA;Image_35113.jpg;0,28;7,74;7,08;6,56;0,37;0,15;0,326
PASAPORT;GENEL DOKU;SNA;Image_35113.jpg;0,3;3,99;3,33;2,81;0,37;0,15;0,3678
PASAPORT;GENEL DOKU;SNA;Image_35107.jpg;0,22;19,95;18,89;18,15;0,42;0,32;0,2631
PASAPORT;GENEL DOKU;SNA;Image_35107.jpg;0,28;3,85;2,79;2,06;0,42;0,32;0,3834
PASAPORT;GENEL DOKU;SNA;Image_35107.jpg;0,3;2,64;1,58;0,84;0,42;0,32;0,4563
PASAPORT;GENEL DOKU;SNA;Image_35098.jpg;0,22;14,09;13,66;13,37;0,17;0,13;0,2607
PASAPORT;GENEL DOKU;SNA;Image_35098.jpg;0,28;2,22;1,79;1,49;0,17;0,13;0,383
PASAPORT;GENEL DOKU;SNA;Image_35098.jpg;0,3;1,34;0,91;0,61;0,17;0,13;0,4737
PASAPORT;GENEL DOKU;SNA;Image_35103.jpg;0,22;22,29;21,52;20,91;0,44;0,17;0,2648
PASAPORT;GENEL DOKU;SNA;Image_35103.jpg;0,28;5,03;4,26;3,65;0,44;0,17;0,3486
PASAPORT;GENEL DOKU;SNA;Image_35103.jpg;0,3;3,11;2,34;1,73;0,44;0,17;0,3977
PASAPORT;GENEL DOKU;SNA;Image_35117.jpg;0,22;24,23;22,84;21,64;1,0;0,2;0,2716
PASAPORT;GENEL DOKU;SNA;Image_35117.jpg;0,28;7,82;6,42;5,23;1,0;0,2;0,3407
PASAPORT;GENEL DOKU;SNA;Image_35117.jpg;0,3;5,48;4,08;2,88;1,0;0,2;0,3702
PASAPORT;GENEL DOKU;SNA;Image_35116.jpg;0,22;6,97;6,58;6,31;0,14;0,12;0,2687
PASAPORT;GENEL DOKU;SNA;Image_35116.jpg;0,28;1,26;0,87;0,6;0,14;0,12;0,4612
PASAPORT;GENEL DOKU;SNA;Image_35116.jpg;0,3;0,93;0,54;0,27;0,14;0,12;0,5656
PASAPORT;GENEL DOKU;SNA;Image_35102.jpg;0,22;27,72;26,38;25,21;1,0;0,17;0,2653
PASAPORT;GENEL DOKU;SNA;Image_35102.jpg;0,28;7,02;5,69;4,52;1,0;0,17;0,3458
PASAPORT;GENEL DOKU;SNA;Image_35102.jpg;0,3;4,83;3,49;2,32;1,0;0,17;0,3816
PASAPORT;GENEL DOKU;SNA;Image_35114.jpg;0,22;8,73;8,11;7,69;0,22;0,2;0,2689
PASAPORT;GENEL DOKU;SNA;Image_35114.jpg;0,28;1,69;1,07;0,65;0,22;0,2;0,4597
PASAPORT;GENEL DOKU;SNA;Image_35114.jpg;0,3;1,31;0,69;0,27;0,22;0,2;0,5556
PASAPORT;GENEL DOKU;SNA;Image_35100.jpg;0,22;47,05;45,97;45,02;0,84;0,12;0,262
PASAPORT;GENEL DOKU;SNA;Image_35100.jpg;0,28;10,63;9,55;8,6;0,84;0,12;0,3226
PASAPORT;GENEL DOKU;SNA;Image_35100.jpg;0,3;5,8;4,73;3,77;0,84;0,12;0,357
PASAPORT;GENEL DOKU;SNA;Image_35101.jpg;0,22;20,13;19,09;18,21;0,71;0,16;0,2677
PASAPORT;GENEL DOKU;SNA;Image_35101.jpg;0,28;5,19;4,15;3,27;0,71;0,16;0,3542
PASAPORT;GENEL DOKU;SNA;Image_35101.jpg;0,3;3,5;2,46;1,58;0,71;0,16;0,3989
PASAPORT;GENEL DOKU;SNA;Image_35115.jpg;0,22;19,54;18,79;18,18;0,47;0,14;0,2681
PASAPORT;GENEL DOKU;SNA;Image_35115.jpg;0,28;5,18;4,43;3,82;0,47;0,14;0,3398
PASAPORT;GENEL DOKU;SNA;Image_35115.jpg;0,3;3,13;2,38;1,76;0,47;0,14;0,3838
PASAPORT;GENEL DOKU;SNA;Image_35118.jpg;0,22;7,82;7,09;6,45;0,54;0,1;0,2921
PASAPORT;GENEL DOKU;SNA;Image_35118.jpg;0,28;3,54;2,81;2,17;0,54;0,1;0,3599
PASAPORT;GENEL DOKU;SNA;Image_35118.jpg;0,3;2,6;1,87;1,23;0,54;0,1;0,3954
PASAPORT;GENEL DOKU;SNA;Image_35119.jpg;0,22;59,04;43,64;29,1;13,68;0,86;0,327
PASAPORT;GENEL DOKU;SNA;Image_35119.jpg;0,28;45,05;29,66;15,12;13,68;0,86;0,3633
PASAPORT;GENEL DOKU;SNA;Image_35119.jpg;0,3;40,46;25,07;10,53;13,68;0,86;0,3767
PASAPORT;GENEL DOKU;SNA;Image_35109.jpg;0,22;19,52;18,01;16,7;1,12;0,19;0,2782
PASAPORT;GENEL DOKU;SNA;Image_35109.jpg;0,28;7,24;5,74;4,43;1,12;0,19;0,349
PASAPORT;GENEL DOKU;SNA;Image_35109.jpg;0,3;5,3;3,79;2,48;1,12;0,19;0,3797
PASAPORT;GENEL DOKU;SNA;Image_35108.jpg;0,22;24,42;23,71;23,14;0,43;0,14;0,2638
PASAPORT;GENEL DOKU;SNA;Image_35108.jpg;0,28;5,76;5,05;4,48;0,43;0,14;0,334
PASAPORT;GENEL DOKU;SNA;Image_35108.jpg;0,3;3,35;2,65;2,08;0,43;0,14;0,3749
PASAPORT;GENEL DOKU;SNA;Image_35120.jpg;0,22;6,77;6,47;6,26;0,1;0,1;0,2682
PASAPORT;GENEL DOKU;SNA;Image_35120.jpg;0,28;1,15;0,84;0,64;0,1;0,1;0,4595
PASAPORT;GENEL DOKU;SNA;Image_35120.jpg;0,3;0,82;0,51;0,31;0,1;0,1;0,5697
PASAPORT;GENEL DOKU;MAL;Image_35071.jpg;0,22;8,45;8,11;7,86;0,14;0,1;0,2635
PASAPORT;GENEL DOKU;MAL;Image_35071.jpg;0,28;1,3;0,95;0,71;0,14;0,1;0,4324
PASAPORT;GENEL DOKU;MAL;Image_35071.jpg;0,3;0,89;0,55;0,3;0,14;0,1;0,5389
PASAPORT;GENEL DOKU;MAL;Image_35070.jpg;0,22;25,49;23,62;22,26;0,87;0,5;0,2704
PASAPORT;GENEL DOKU;MAL;Image_35070.jpg;0,28;6,61;4,75;3,38;0,87;0,5;0,3765
PASAPORT;GENEL DOKU;MAL;Image_35070.jpg;0,3;4,84;2,97;1,6;0,87;0,5;0,429
PASAPORT;GENEL DOKU;MAL;Image_35072.jpg;0,22;6,36;6,04;5,87;0,03;0,14;0,2655
PASAPORT;GENEL DOKU;MAL;Image_35072.jpg;0,28;0,77;0,45;0,27;0,03;0,14;0,6351
PASAPORT;GENEL DOKU;MAL;Image_35072.jpg;0,3;0,61;0,29;0,11;0,03;0,14;0,8277
PASAPORT;GENEL DOKU;MAL;Image_35073.jpg;0,22;11,73;11,28;10,97;0,17;0,14;0,2671
PASAPORT;GENEL DOKU;MAL;Image_35073.jpg;0,28;2,34;1,89;1,58;0,17;0,14;0,3905
PASAPORT;GENEL DOKU;MAL;Image_35073.jpg;0,3;1,48;1,03;0,72;0,17;0,14;0,4749
PASAPORT;GENEL DOKU;MAL;Image_35077.jpg;0,22;75,0;59,66;45,65;12,69;1,32;0,3149
PASAPORT;GENEL DOKU;MAL;Image_35077.jpg;0,28;53,15;37,82;23,81;12,69;1,32;0,3514
PASAPORT;GENEL DOKU;MAL;Image_35077.jpg;0,3;45,14;29,8;15,79;12,69;1,32;0,368
PASAPORT;GENEL DOKU;MAL;Image_35088.jpg;0,22;47,62;45,5;43,49;1,9;0,11;0,2759
PASAPORT;GENEL DOKU;MAL;Image_35088.jpg;0,28;19,08;16,96;14,94;1,9;0,11;0,3213
PASAPORT;GENEL DOKU;MAL;Image_35088.jpg;0,3;12,35;10,23;8,21;1,9;0,11;0,3422
PASAPORT;GENEL DOKU;MAL;Image_35089.jpg;0,22;64,54;61,64;58,86;2,67;0,11;0,2787
PASAPORT;GENEL DOKU;MAL;Image_35089.jpg;0,28;28,43;25,54;22,75;2,67;0,11;0,3187
PASAPORT;GENEL DOKU;MAL;Image_35089.jpg;0,3;18,36;15,47;12,68;2,67;0,11;0,3377
PASAPORT;GENEL DOKU;MAL;Image_35076.jpg;0,22;30,99;30,32;29,82;0,35;0,16;0,2598
PASAPORT;GENEL DOKU;MAL;Image_35076.jpg;0,28;5,98;5,31;4,81;0,35;0,16;0,3372
PASAPORT;GENEL DOKU;MAL;Image_35076.jpg;0,3;3,3;2,64;2,13;0,35;0,16;0,3863
PASAPORT;GENEL DOKU;MAL;Image_35074.jpg;0,22;12,68;12,35;12,14;0,08;0,13;0,2565
PASAPORT;GENEL DOKU;MAL;Image_35074.jpg;0,28;1,35;1,02;0,81;0,08;0,13;0,4561
PASAPORT;GENEL DOKU;MAL;Image_35074.jpg;0,3;0,87;0,53;0,33;0,08;0,13;0,6089
PASAPORT;GENEL DOKU;MAL;Image_35075.jpg;0,22;24,7;24,03;23,5;0,4;0,13;0,2613
PASAPORT;GENEL DOKU;MAL;Image_35075.jpg;0,28;4,96;4,3;3,77;0,4;0,13;0,3426
PASAPORT;GENEL DOKU;MAL;Image_35075.jpg;0,3;2,9;2,23;1,7;0,4;0,13;0,3922
PASAPORT;GENEL DOKU;MAL;Image_35078.jpg;0,22;53,0;50,44;48,01;2,31;0,13;0,2766
PASAPORT;GENEL DOKU;MAL;Image_35078.jpg;0,28;21,14;18,58;16,14;2,31;0,13;0,3228
PASAPORT;GENEL DOKU;MAL;Image_35078.jpg;0,3;13,8;11,24;8,8;2,31;0,13;0,3447
PASAPORT;GENEL DOKU;MAL;Image_35087.jpg;0,22;53,85;43,85;34,17;9,35;0,32;0,3092
PASAPORT;GENEL DOKU;MAL;Image_35087.jpg;0,28;37,31;27,31;17,64;9,35;0,32;0,3445
PASAPORT;GENEL DOKU;MAL;Image_35087.jpg;0,3;31,72;21,72;12,04;9,35;0,32;0,3586
PASAPORT;GENEL DOKU;MAL;Image_35093.jpg;0,22;54,32;49,41;44,71;4,49;0,21;0,2865
PASAPORT;GENEL DOKU;MAL;Image_35093.jpg;0,28;27,48;22,57;17,87;4,49;0,21;0,3305
PASAPORT;GENEL DOKU;MAL;Image_35093.jpg;0,3;20,22;15,3;10,6;4,49;0,21;0,3499
PASAPORT;GENEL DOKU;MAL;Image_35092.jpg;0,22;45,58;42,32;39,29;2,81;0,22;0,2771
PASAPORT;GENEL DOKU;MAL;Image_35092.jpg;0,28;18,05;14,8;11,76;2,81;0,22;0,3322
PASAPORT;GENEL DOKU;MAL;Image_35092.jpg;0,3;12,91;9,65;6,61;2,81;0,22;0,3551
PASAPORT;GENEL DOKU;MAL;Image_35086.jpg;0,22;42,21;38,85;35,58;3,16;0,1;0,2843
PASAPORT;GENEL DOKU;MAL;Image_35086.jpg;0,28;21,08;17,72;14,45;3,16;0,1;0,3274
PASAPORT;GENEL DOKU;MAL;Image_35086.jpg;0,3;15,63;12,26;8,99;3,16;0,1;0,3442
PASAPORT;GENEL DOKU;MAL;Image_35079.jpg;0,22;51,46;50,46;49,57;0,77;0,12;0,2682
PASAPORT;GENEL DOKU;MAL;Image_35079.jpg;0,28;15,22;14,22;13,33;0,77;0,12;0,3172
PASAPORT;GENEL DOKU;MAL;Image_35079.jpg;0,3;8,35;7,35;6,46;0,77;0,12;0,3434
PASAPORT;GENEL DOKU;MAL;Image_35090.jpg;0,22;45,01;40,15;35,48;4,48;0,19;0,2861
PASAPORT;GENEL DOKU;MAL;Image_35090.jpg;0,28;21,86;17,0;12,33;4,48;0,19;0,3388
PASAPORT;GENEL DOKU;MAL;Image_35090.jpg;0,3;16,88;12,02;7,35;4,48;0,19;0,3593
PASAPORT;GENEL DOKU;MAL;Image_35084.jpg;0,22;63,84;57,81;51,94;5,69;0,18;0,2896
PASAPORT;GENEL DOKU;MAL;Image_35084.jpg;0,28;35,23;29,2;23,33;5,69;0,18;0,3289
PASAPORT;GENEL DOKU;MAL;Image_35084.jpg;0,3;26,81;20,78;14,91;5,69;0,18;0,3447
PASAPORT;GENEL DOKU;MAL;Image_35085.jpg;0,22;75,85;68,54;61,35;7,05;0,13;0,2953
PASAPORT;GENEL DOKU;MAL;Image_35085.jpg;0,28;47,52;40,21;33,02;7,05;0,13;0,3257
PASAPORT;GENEL DOKU;MAL;Image_35085.jpg;0,3;36,12;28,81;21,62;7,05;0,13;0,3398
PASAPORT;GENEL DOKU;MAL;Image_35091.jpg;0,22;61,82;54,41;47,23;6,95;0,23;0,2936
PASAPORT;GENEL DOKU;MAL;Image_35091.jpg;0,28;35,74;28,33;21,15;6,95;0,23;0,3334
PASAPORT;GENEL DOKU;MAL;Image_35091.jpg;0,3;27,83;20,42;13,24;6,95;0,23;0,3503
PASAPORT;GENEL DOKU;MAL;Image_35095.jpg;0,22;9,63;8,8;8,07;0,63;0,1;0,2893
PASAPORT;GENEL DOKU;MAL;Image_35095.jpg;0,28;4,46;3,63;2,91;0,63;0,1;0,3494
PASAPORT;GENEL DOKU;MAL;Image_35095.jpg;0,3;3,28;2,46;1,73;0,63;0,1;0,378
PASAPORT;GENEL DOKU;MAL;Image_35081.jpg;0,22;55,98;50,16;44,46;5,56;0,13;0,2887
PASAPORT;GENEL DOKU;MAL;Image_35081.jpg;0,28;29,35;23,52;17,83;5,56;0,13;0,3329
PASAPORT;GENEL DOKU;MAL;Image_35081.jpg;0,3;22,34;16,51;10,82;5,56;0,13;0,3512
PASAPORT;GENEL DOKU;MAL;Image_35080.jpg;0,22;52,24;48,9;45,69;3,09;0,13;0,288
PASAPORT;GENEL DOKU;MAL;Image_35080.jpg;0,28;28,27;24,93;21,72;3,09;0,13;0,3223
PASAPORT;GENEL DOKU;MAL;Image_35080.jpg;0,3;19,75;16,41;13,2;3,09;0,13;0,3391
PASAPORT;GENEL DOKU;MAL;Image_35094.jpg;0,22;29,45;28,94;28,54;0,29;0,11;0,2549
PASAPORT;GENEL DOKU;MAL;Image_35094.jpg;0,28;3,78;3,27;2,87;0,29;0,11;0,3471
PASAPORT;GENEL DOKU;MAL;Image_35094.jpg;0,3;1,97;1,46;1,06;0,29;0,11;0,4203
PASAPORT;GENEL DOKU;MAL;Image_35069.jpg;0,22;33,06;32,65;32,36;0,18;0,11;0,2567
PASAPORT;GENEL DOKU;MAL;Image_35069.jpg;0,28;5,14;4,73;4,44;0,18;0,11;0,3288
PASAPORT;GENEL DOKU;MAL;Image_35069.jpg;0,3;2,33;1,92;1,62;0,18;0,11;0,3876
PASAPORT;GENEL DOKU;MAL;Image_35082.jpg;0,22;67,96;56,69;46,47;9,15;1,06;0,3041
PASAPORT;GENEL DOKU;MAL;Image_35082.jpg;0,28;42,87;31,59;21,38;9,15;1,06;0,3469
PASAPORT;GENEL DOKU;MAL;Image_35082.jpg;0,3;35,0;23,72;13,51;9,15;1,06;0,3658
PASAPORT;GENEL DOKU;MAL;Image_35096.jpg;0,22;7,08;6,32;5,69;0,51;0,12;0,2951
PASAPORT;GENEL DOKU;MAL;Image_35096.jpg;0,28;2,99;2,23;1,59;0,51;0,12;0,3853
PASAPORT;GENEL DOKU;MAL;Image_35096.jpg;0,3;2,3;1,54;0,91;0,51;0,12;0,428
PASAPORT;GENEL DOKU;MAL;Image_35097.jpg;0,22;7,72;6,79;5,99;0,69;0,12;0,2985
PASAPORT;GENEL DOKU;MAL;Image_35097.jpg;0,28;3,72;2,79;1,98;0,69;0,12;0,3733
PASAPORT;GENEL DOKU;MAL;Image_35097.jpg;0,3;2,92;1,99;1,19;0,69;0,12;0,4067
PASAPORT;GENEL DOKU;MAL;Image_35083.jpg;0,22;42,89;39,24;35,83;3,16;0,24;0,2807
PASAPORT;GENEL DOKU;MAL;Image_35083.jpg;0,28;18,25;14,6;11,2;3,16;0,24;0,3374
PASAPORT;GENEL DOKU;MAL;Image_35083.jpg;0,3;13,51;9,86;6,45;3,16;0,24;0,3604
PASAPORT;GENEL DOKU;WGA;Image_35139.jpg;0,22;79,13;56,3;36,32;17,11;2,86;0,3361
PASAPORT;GENEL DOKU;WGA;Image_35139.jpg;0,28;61,85;39,01;19,04;17,11;2,86;0,3739
PASAPORT;GENEL DOKU;WGA;Image_35139.jpg;0,3;55,83;32,99;13,01;17,11;2,86;0,3892
PASAPORT;GENEL DOKU;WGA;Image_35138.jpg;0,22;48,48;40,85;34,68;4,71;1,46;0,2915
PASAPORT;GENEL DOKU;WGA;Image_35138.jpg;0,28;22,62;14,98;8,81;4,71;1,46;0,3711
PASAPORT;GENEL DOKU;WGA;Image_35138.jpg;0,3;18,74;11,11;4,94;4,71;1,46;0,3996
PASAPORT;GENEL DOKU;WGA;Image_35128.jpg;0,22;62,5;53,03;44,29;8,02;0,72;0,299
PASAPORT;GENEL DOKU;WGA;Image_35128.jpg;0,28;36,54;27,08;18,33;8,02;0,72;0,3464
PASAPORT;GENEL DOKU;WGA;Image_35128.jpg;0,3;29,59;20,13;11,38;8,02;0,72;0,3659
PASAPORT;GENEL DOKU;WGA;Image_35129.jpg;0,22;77,06;63,07;50,56;11,02;1,49;0,3066
PASAPORT;GENEL DOKU;WGA;Image_35129.jpg;0,28;49,04;35,05;22,54;11,02;1,49;0,3513
PASAPORT;GENEL DOKU;WGA;Image_35129.jpg;0,3;40,46;26,47;13,96;11,02;1,49;0,3713
PASAPORT;GENEL DOKU;WGA;Image_35130.jpg;0,22;63,12;53,87;44,93;8,62;0,31;0,2992
PASAPORT;GENEL DOKU;WGA;Image_35130.jpg;0,28;38,52;29,27;20,33;8,62;0,31;0,3405
PASAPORT;GENEL DOKU;WGA;Image_35130.jpg;0,3;31,15;21,9;12,96;8,62;0,31;0,3576
PASAPORT;GENEL DOKU;WGA;Image_35124.jpg;0,22;46,73;36,8;28,25;7,19;1,37;0,3129
PASAPORT;GENEL DOKU;WGA;Image_35124.jpg;0,28;29,35;19,42;10,87;7,19;1,37;0,3711
PASAPORT;GENEL DOKU;WGA;Image_35124.jpg;0,3;25,37;15,45;6,89;7,19;1,37;0,392
PASAPORT;GENEL DOKU;WGA;Image_35125.jpg;0,22;50,85;43,24;36,32;6,22;0,7;0,2996
PASAPORT;GENEL DOKU;WGA;Image_35125.jpg;0,28;29,75;22,13;15,21;6,22;0,7;0,3467
PASAPORT;GENEL DOKU;WGA;Image_35125.jpg;0,3;23,83;16,21;9,3;6,22;0,7;0,3675
PASAPORT;GENEL DOKU;WGA;Image_35131.jpg;0,22;44,79;33,43;23,26;9,0;1,18;0,3241
PASAPORT;GENEL DOKU;WGA;Image_35131.jpg;0,28;31,99;20,64;10,46;9,0;1,18;0,3707
PASAPORT;GENEL DOKU;WGA;Image_35131.jpg;0,3;28,46;17,11;6,93;9,0;1,18;0,3873
PASAPORT;GENEL DOKU;WGA;Image_35127.jpg;0,22;30,98;27,84;24,96;2,61;0,26;0,282
PASAPORT;GENEL DOKU;WGA;Image_35127.jpg;0,28;12,81;9,67;6,8;2,61;0,26;0,3508
PASAPORT;GENEL DOKU;WGA;Image_35127.jpg;0,3;9,9;6,76;3,89;2,61;0,26;0,3772
PASAPORT;GENEL DOKU;WGA;Image_35133.jpg;0,22;68,72;50,14;35,22;11,28;3,65;0,3296
PASAPORT;GENEL DOKU;WGA;Image_35133.jpg;0,28;49,18;30,61;15,68;11,28;3,65;0,381
PASAPORT;GENEL DOKU;WGA;Image_35133.jpg;0,3;43,62;25,05;10,12;11,28;3,65;0,4012
PASAPORT;GENEL DOKU;WGA;Image_35132.jpg;0,22;70,58;50,74;35,26;11,11;4,37;0,3322
PASAPORT;GENEL DOKU;WGA;Image_35132.jpg;0,28;50,37;30,53;15,05;11,11;4,37;0,3872
PASAPORT;GENEL DOKU;WGA;Image_35132.jpg;0,3;44,78;24,94;9,46;11,11;4,37;0,4091
PASAPORT;GENEL DOKU;WGA;Image_35126.jpg;0,22;40,58;35,75;31,39;3,89;0,47;0,2872
PASAPORT;GENEL DOKU;WGA;Image_35126.jpg;0,28;18,95;14,12;9,77;3,89;0,47;0,3494
PASAPORT;GENEL DOKU;WGA;Image_35126.jpg;0,3;14,86;10,03;5,68;3,89;0,47;0,3738
PASAPORT;GENEL DOKU;WGA;Image_35122.jpg;0,22;56,64;46,99;38,24;7,84;0,91;0,3059
PASAPORT;GENEL DOKU;WGA;Image_35122.jpg;0,28;36,27;26,62;17,87;7,84;0,91;0,3479
PASAPORT;GENEL DOKU;WGA;Image_35122.jpg;0,3;29,57;19,92;11,17;7,84;0,91;0,3675
PASAPORT;GENEL DOKU;WGA;Image_35136.jpg;0,22;36,67;28,95;22,43;5,3;1,21;0,3118
PASAPORT;GENEL DOKU;WGA;Image_35136.jpg;0,28;23,03;15,31;8,79;5,3;1,21;0,3693
PASAPORT;GENEL DOKU;WGA;Image_35136.jpg;0,3;19,81;12,08;5,57;5,3;1,21;0,3906
PASAPORT;GENEL DOKU;WGA;Image_35137.jpg;0,22;48,08;36,02;26,04;7,92;2,07;0,3223
PASAPORT;GENEL DOKU;WGA;Image_35137.jpg;0,28;32,51;20,46;10,47;7,92;2,07;0,3792
PASAPORT;GENEL DOKU;WGA;Image_35137.jpg;0,3;28,88;16,83;6,84;7,92;2,07;0,3986
PASAPORT;GENEL DOKU;WGA;Image_35123.jpg;0,22;40,88;39,24;37,72;1,41;0,11;0,2676
PASAPORT;GENEL DOKU;WGA;Image_35123.jpg;0,28;12,19;10,55;9,03;1,41;0,11;0,327
PASAPORT;GENEL DOKU;WGA;Image_35123.jpg;0,3;7,77;6,14;4,62;1,41;0,11;0,3541
PASAPORT;GENEL DOKU;WGA;Image_35135.jpg;0,22;54,11;41,94;31,51;8,67;1,75;0,3154
PASAPORT;GENEL DOKU;WGA;Image_35135.jpg;0,28;35,6;23,42;13,0;8,67;1,75;0,3682
PASAPORT;GENEL DOKU;WGA;Image_35135.jpg;0,3;30,95;18,77;8,35;8,67;1,75;0,3876
PASAPORT;GENEL DOKU;WGA;Image_35121.jpg;0,22;58,58;52,6;47,05;5,1;0,44;0,2871
PASAPORT;GENEL DOKU;WGA;Image_35121.jpg;0,28;28,95;22,97;17,43;5,1;0,44;0,3355
PASAPORT;GENEL DOKU;WGA;Image_35121.jpg;0,3;21,54;15,56;10,01;5,1;0,44;0,3575
PASAPORT;GENEL DOKU;WGA;Image_35134.jpg;0,22;77,47;58,8;43,6;11,72;3,48;0,3212
PASAPORT;GENEL DOKU;WGA;Image_35134.jpg;0,28;52,74;34,07;18,87;11,72;3,48;0,3731
PASAPORT;GENEL DOKU;WGA;Image_35134.jpg;0,3;45,8;27,13;11,93;11,72;3,48;0,3945
PASAPORT;GENEL DOKU;WGA;Image_35141.jpg;0,22;77,75;55,29;37,34;13,43;4,51;0,3354
PASAPORT;GENEL DOKU;WGA;Image_35141.jpg;0,28;57,42;34,96;17,02;13,43;4,51;0,3851
PASAPORT;GENEL DOKU;WGA;Image_35141.jpg;0,3;51,46;29,0;11,06;13,43;4,51;0,4047
PASAPORT;GENEL DOKU;WGA;Image_35140.jpg;0,22;63,9;41,56;22,24;16,3;3,02;0,3559
PASAPORT;GENEL DOKU;WGA;Image_35140.jpg;0,28;53,69;31,34;12,02;16,3;3,02;0,3903
PASAPORT;GENEL DOKU;WGA;Image_35140.jpg;0,3;50,22;27,88;8,55;16,3;3,02;0,4028
PASAPORT;GENEL DOKU;WGA;Image_35142.jpg;0,22;88,36;60,86;39,17;15,88;5,81;0,3439
PASAPORT;GENEL DOKU;WGA;Image_35142.jpg;0,28;68,61;41,11;19,43;15,88;5,81;0,3886
PASAPORT;GENEL DOKU;WGA;Image_35142.jpg;0,3;62,04;34,54;12,85;15,88;5,81;0,4074
PASAPORT;GENEL DOKU;WGA;Image_35143.jpg;0,22;92,68;65,19;42,48;17,94;4,77;0,3417
PASAPORT;GENEL DOKU;WGA;Image_35143.jpg;0,28;74,83;47,34;24,63;17,94;4,77;0,3755
PASAPORT;GENEL DOKU;WGA;Image_35143.jpg;0,3;67,48;40,0;17,28;17,94;4,77;0,3912
PASAPORT;GONAD;SNA;Image_35172.jpg;0,22;91,86;66,18;43,34;20,0;2,84;0,3332
PASAPORT;GONAD;SNA;Image_35172.jpg;0,28;71,77;46,1;23,26;20,0;2,84;0,3692
PASAPORT;GONAD;SNA;Image_35172.jpg;0,3;64,7;39,02;16,18;20,0;2,84;0,3835
PASAPORT;GONAD;SNA;Image_35166.jpg;0,22;56,74;48,66;41,39;6,45;0,81;0,297
PASAPORT;GONAD;SNA;Image_35166.jpg;0,28;32,41;24,33;17,06;6,45;0,81;0,3447
PASAPORT;GONAD;SNA;Image_35166.jpg;0,3;25,74;17,66;10,4;6,45;0,81;0,3655
PASAPORT;GONAD;SNA;Image_35167.jpg;0,22;74,67;60,9;47,85;12,33;0,72;0,3071
PASAPORT;GONAD;SNA;Image_35167.jpg;0,28;48,83;35,06;22,01;12,33;0,72;0,349
PASAPORT;GONAD;SNA;Image_35167.jpg;0,3;40,99;27,21;14,16;12,33;0,72;0,3661
PASAPORT;GONAD;SNA;Image_35173.jpg;0,22;57,66;44,51;33,04;9,82;1,66;0,3178
PASAPORT;GONAD;SNA;Image_35173.jpg;0,28;39,45;26,31;14,83;9,82;1,66;0,3651
PASAPORT;GONAD;SNA;Image_35173.jpg;0,3;34,17;21,03;9,55;9,82;1,66;0,384
PASAPORT;GONAD;SNA;Image_35165.jpg;0,22;60,2;53,15;46,74;5,76;0,65;0,2879
PASAPORT;GONAD;SNA;Image_35165.jpg;0,28;29,46;22,4;15,99;5,76;0,65;0,3429
PASAPORT;GONAD;SNA;Image_35165.jpg;0,3;22,83;15,77;9,36;5,76;0,65;0,3654
PASAPORT;GONAD;SNA;Image_35171.jpg;0,22;61,09;46,97;35,0;9,82;2,15;0,3191
PASAPORT;GONAD;SNA;Image_35171.jpg;0,28;41,95;27,83;15,86;9,82;2,15;0,3669
PASAPORT;GONAD;SNA;Image_35171.jpg;0,3;36,39;22,27;10,31;9,82;2,15;0,3862
PASAPORT;GONAD;SNA;Image_35170.jpg;0,22;62,93;51,86;41,83;9,0;1,03;0,3036
PASAPORT;GONAD;SNA;Image_35170.jpg;0,28;38,37;27,3;17,27;9,0;1,03;0,3525
PASAPORT;GONAD;SNA;Image_35170.jpg;0,3;31,87;20,8;10,76;9,0;1,03;0,3722
PASAPORT;GONAD;SNA;Image_35164.jpg;0,22;75,53;61,5;48,57;11,83;1,1;0,3094
PASAPORT;GONAD;SNA;Image_35164.jpg;0,28;50,57;36,54;23,61;11,83;1,1;0,3493
PASAPORT;GONAD;SNA;Image_35164.jpg;0,3;42,31;28,28;15,35;11,83;1,1;0,3667
PASAPORT;GONAD;SNA;Image_35160.jpg;0,22;61,96;57,1;52,39;4,55;0,16;0,2811
PASAPORT;GONAD;SNA;Image_35160.jpg;0,28;28,0;23,14;18,43;4,55;0,16;0,3289
PASAPORT;GONAD;SNA;Image_35160.jpg;0,3;20,38;15,52;10,81;4,55;0,16;0,3483
PASAPORT;GONAD;SNA;Image_35174.jpg;0,22;92,09;66,43;43,84;19,52;3,07;0,3335
PASAPORT;GONAD;SNA;Image_35174.jpg;0,28;71,7;46,04;23,45;19,52;3,07;0,3701
PASAPORT;GONAD;SNA;Image_35174.jpg;0,3;64,5;38,84;16,25;19,52;3,07;0,385
PASAPORT;GONAD;SNA;Image_35175.jpg;0,22;59,03;46,12;35,29;8,73;2,09;0,3134
PASAPORT;GONAD;SNA;Image_35175.jpg;0,28;37,88;24,97;14,14;8,73;2,09;0,3685
PASAPORT;GONAD;SNA;Image_35175.jpg;0,3;32,64;19,72;8,9;8,73;2,09;0,3895
PASAPORT;GONAD;SNA;Image_35161.jpg;0,22;59,3;56,45;53,75;2,55;0,15;0,2732
PASAPORT;GONAD;SNA;Image_35161.jpg;0,28;21,73;18,88;16,17;2,55;0,15;0,3233
PASAPORT;GONAD;SNA;Image_35161.jpg;0,3;14,18;11,33;8,62;2,55;0,15;0,346
PASAPORT;GONAD;SNA;Image_35163.jpg;0,22;47,6;43,07;38,94;3,74;0,39;0,2842
PASAPORT;GONAD;SNA;Image_35163.jpg;0,28;21,72;17,19;13,06;3,74;0,39;0,3384
PASAPORT;GONAD;SNA;Image_35163.jpg;0,3;16,06;11,53;7,4;3,74;0,39;0,3625
PASAPORT;GONAD;SNA;Image_35160copy.jpg;0,22;117,07;70,45;35,01;24,26;11,18;0,3988
PASAPORT;GONAD;SNA;Image_35160copy.jpg;0,28;100,87;54,25;18,81;24,26;11,18;0,443
PASAPORT;GONAD;SNA;Image_35160copy.jpg;0,3;95,27;48,66;13,22;24,26;11,18;0,4606
PASAPORT;GONAD;SNA;Image_35169.jpg;0,22;67,29;55,61;45,08;9,38;1,15;0,3029
PASAPORT;GONAD;SNA;Image_35169.jpg;0,28;40,69;29,01;18,48;9,38;1,15;0,3522
PASAPORT;GONAD;SNA;Image_35169.jpg;0,3;33,77;22,09;11,56;9,38;1,15;0,3718
PASAPORT;GONAD;SNA;Image_35168.jpg;0,22;63,0;54,27;46,09;7,62;0,56;0,2969
PASAPORT;GONAD;SNA;Image_35168.jpg;0,28;36,7;27,96;19,79;7,62;0,56;0,3411
PASAPORT;GONAD;SNA;Image_35168.jpg;0,3;29,16;20,43;12,26;7,62;0,56;0,3601
PASAPORT;GONAD;WGA;Image_35176copy.jpg;0,22;141,16;71,92;25,22;24,15;22,55;0,5131
PASAPORT;GONAD;WGA;Image_35176copy.jpg;0,28;130,23;60,99;14,3;24,15;22,55;0,5601
PASAPORT;GONAD;WGA;Image_35176copy.jpg;0,3;126,2;56,96;10,26;24,15;22,55;0,5792
PASAPORT;GONAD;WGA;Image_35177.jpg;0,22;73,96;61,65;49,91;11,18;0,57;0,3035
PASAPORT;GONAD;WGA;Image_35177.jpg;0,28;47,41;35,09;23,35;11,18;0,57;0,3436
PASAPORT;GONAD;WGA;Image_35177.jpg;0,3;39,04;26,73;14,98;11,18;0,57;0,3604
PASAPORT;GONAD;WGA;Image_35188.jpg;0,22;106,63;68,26;36,61;24,92;6,72;0,3597
PASAPORT;GONAD;WGA;Image_35188.jpg;0,28;90,01;51,64;19,99;24,92;6,72;0,3948
PASAPORT;GONAD;WGA;Image_35188.jpg;0,3;84,08;45,71;14,06;24,92;6,72;0,4084
PASAPORT;GONAD;WGA;Image_35189.jpg;0,22;128,47;80,14;40,27;31,42;8,45;0,3673
PASAPORT;GONAD;WGA;Image_35189.jpg;0,28;112,49;64,17;24,29;31,42;8,45;0,396
PASAPORT;GONAD;WGA;Image_35189.jpg;0,3;105,81;57,48;17,61;31,42;8,45;0,4083
PASAPORT;GONAD;WGA;Image_35176.jpg;0,22;93,71;73,01;53,17;18,99;0,86;0,3187
PASAPORT;GONAD;WGA;Image_35176.jpg;0,28;70,1;49,4;29,56;18,99;0,86;0,3505
PASAPORT;GONAD;WGA;Image_35176.jpg;0,3;60,69;39,99;20,15;18,99;0,86;0,3648
PASAPORT;GONAD;WGA;Image_35190.jpg;0,22;148,53;81,18;31,09;32,82;17,27;0,4103
PASAPORT;GONAD;WGA;Image_35190.jpg;0,28;135,88;68,53;18,44;32,82;17,27;0,4396
PASAPORT;GONAD;WGA;Image_35190.jpg;0,3;130,85;63,49;13,41;32,82;17,27;0,4515
PASAPORT;GONAD;WGA;Image_35184.jpg;0,22;79,49;51,96;28,56;19,27;4,13;0,3544
PASAPORT;GONAD;WGA;Image_35184.jpg;0,28;66,04;38,51;15,11;19,27;4,13;0,3908
PASAPORT;GONAD;WGA;Image_35184.jpg;0,3;61,53;34,0;10,6;19,27;4,13;0,4042
PASAPORT;GONAD;WGA;Image_35185.jpg;0,22;118,89;73,35;34,91;31,32;7,11;0,3693
PASAPORT;GONAD;WGA;Image_35185.jpg;0,28;104,51;58,96;20,53;31,32;7,11;0,398
PASAPORT;GONAD;WGA;Image_35185.jpg;0,3;98,89;53,34;14,91;31,32;7,11;0,4094
PASAPORT;GONAD;WGA;Image_35191.jpg;0,22;157,03;77,68;23,66;28,68;25,34;0,4449
PASAPORT;GONAD;WGA;Image_35191.jpg;0,28;146,88;67,53;13,51;28,68;25,34;0,474
PASAPORT;GONAD;WGA;Image_35191.jpg;0,3;143,12;63,77;9,75;28,68;25,34;0,4849
PASAPORT;GONAD;WGA;Image_35178.jpg;0,22;64,27;52,23;42,21;8,0;2,02;0,3125
PASAPORT;GONAD;WGA;Image_35178.jpg;0,28;42,71;30,67;20,65;8,0;2,02;0,3549
PASAPORT;GONAD;WGA;Image_35178.jpg;0,3;34,97;22,94;12,92;8,0;2,02;0,3769
PASAPORT;GONAD;WGA;Image_35187.jpg;0,22;118,91;74,37;37,24;29,72;7,41;0,3658
PASAPORT;GONAD;WGA;Image_35187.jpg;0,28;103,57;59,03;21,9;29,72;7,41;0,3955
PASAPORT;GONAD;WGA;Image_35187.jpg;0,3;97,4;52,86;15,73;29,72;7,41;0,4078
PASAPORT;GONAD;WGA;Image_35193.jpg;0,22;142,58;72,67;23,54;28,34;20,79;0,4298
PASAPORT;GONAD;WGA;Image_35193.jpg;0,28;132,69;62,78;13,65;28,34;20,79;0,4579
PASAPORT;GONAD;WGA;Image_35193.jpg;0,3;128,93;59,02;9,89;28,34;20,79;0,4686
PASAPORT;GONAD;WGA;Image_35192.jpg;0,22;137,93;72,22;25,86;27,0;19,36;0,4242
PASAPORT;GONAD;WGA;Image_35192.jpg;0,28;126,77;61,06;14,7;27,0;19,36;0,4559
PASAPORT;GONAD;WGA;Image_35192.jpg;0,3;122,66;56,95;10,59;27,0;19,36;0,4678
PASAPORT;GONAD;WGA;Image_35186.jpg;0,22;122,21;72,04;31,12;31,68;9,24;0,3808
PASAPORT;GONAD;WGA;Image_35186.jpg;0,28;109,24;59,07;18,14;31,68;9,24;0,4093
PASAPORT;GONAD;WGA;Image_35186.jpg;0,3;104,26;54,1;13,17;31,68;9,24;0,4202
PASAPORT;GONAD;WGA;Image_35179.jpg;0,22;121,27;75,14;37,22;29,71;8,21;0,3696
PASAPORT;GONAD;WGA;Image_35179.jpg;0,28;106,35;60,22;22,3;29,71;8,21;0,3987
PASAPORT;GONAD;WGA;Image_35179.jpg;0,3;100,1;53,97;16,05;29,71;8,21;0,4113
PASAPORT;GONAD;WGA;Image_35182.jpg;0,22;128,31;76,43;33,34;34,31;8,78;0,3792
PASAPORT;GONAD;WGA;Image_35182.jpg;0,28;115,76;63,88;20,79;34,31;8,78;0,4042
PASAPORT;GONAD;WGA;Image_35182.jpg;0,3;110,4;58,52;15,43;34,31;8,78;0,4146
PASAPORT;GONAD;WGA;Image_35196.jpg;0,22;130,31;72,21;30,03;26,27;15,91;0,4052
PASAPORT;GONAD;WGA;Image_35196.jpg;0,28;117,29;59,19;17,0;26,27;15,91;0,4392
PASAPORT;GONAD;WGA;Image_35196.jpg;0,3;112,4;54,31;12,12;26,27;15,91;0,4525
PASAPORT;GONAD;WGA;Image_35183.jpg;0,22;73,06;52,16;34,3;14,8;3,05;0,3352
PASAPORT;GONAD;WGA;Image_35183.jpg;0,28;55,66;34,76;16,9;14,8;3,05;0,3779
PASAPORT;GONAD;WGA;Image_35183.jpg;0,3;50,18;29,28;11,43;14,8;3,05;0,3944
PASAPORT;GONAD;WGA;Image_35195.jpg;0,22;113,98;66,57;31,25;23,23;12,09;0,3874
PASAPORT;GONAD;WGA;Image_35195.jpg;0,28;99,38;51,98;16,66;23,23;12,09;0,4259
PASAPORT;GONAD;WGA;Image_35195.jpg;0,3;94,42;47,01;11,7;23,23;12,09;0,4403
PASAPORT;GONAD;WGA;Image_35181.jpg;0,22;101,17;65,87;35,98;24,47;5,42;0,3572
PASAPORT;GONAD;WGA;Image_35181.jpg;0,28;85,87;50,57;20,68;24,47;5,42;0,3892
PASAPORT;GONAD;WGA;Image_35181.jpg;0,3;79,97;44,66;14,78;24,47;5,42;0,4023
PASAPORT;GONAD;WGA;Image_35180.jpg;0,22;93,4;64,9;40,92;19,48;4,51;0,3412
PASAPORT;GONAD;WGA;Image_35180.jpg;0,28;73,01;44,51;20,53;19,48;4,51;0,3828
PASAPORT;GONAD;WGA;Image_35180.jpg;0,3;66,37;37,88;13,89;19,48;4,51;0,399
PASAPORT;GONAD;WGA;Image_35194.jpg;0,22;122,76;65,96;24,8;25,53;15,64;0,413
PASAPORT;GONAD;WGA;Image_35194.jpg;0,28;111,62;54,82;13,65;25,53;15,64;0,446
PASAPORT;GONAD;WGA;Image_35194.jpg;0,3;107,75;50,95;9,79;25,53;15,64;0,4579
PASAPORT;GONAD;MAL;Image_35159.jpg;0,22;82,88;74,24;65,89;8,06;0,29;0,2934
PASAPORT;GONAD;MAL;Image_35159.jpg;0,28;48,6;39,96;31,61;8,06;0,29;0,329
PASAPORT;GONAD;MAL;Image_35159.jpg;0,3;36,56;27,92;19,57;8,06;0,29;0,3458
PASAPORT;GONAD;MAL;Image_35158.jpg;0,22;71,91;64,69;57,73;6,69;0,26;0,2921
PASAPORT;GONAD;MAL;Image_35158.jpg;0,28;41,46;34,24;27,28;6,69;0,26;0,3288
PASAPORT;GONAD;MAL;Image_35158.jpg;0,3;31,26;24,04;17,09;6,69;0,26;0,3454
PASAPORT;GONAD;MAL;Image_35148.jpg;0,22;41,59;39,56;37,86;1,37;0,33;0,2674
PASAPORT;GONAD;MAL;Image_35148.jpg;0,28;11,1;9,07;7,37;1,37;0,33;0,3398
PASAPORT;GONAD;MAL;Image_35148.jpg;0,3;7,17;5,13;3,43;1,37;0,33;0,3788
PASAPORT;GONAD;MAL;Image_35149.jpg;0,22;60,21;55,87;51,71;3,97;0,18;0,2822
PASAPORT;GONAD;MAL;Image_35149.jpg;0,28;27,74;23,39;19,24;3,97;0,18;0,327
PASAPORT;GONAD;MAL;Image_35149.jpg;0,3;19,34;15,0;10,84;3,97;0,18;0,3481
PASAPORT;GONAD;MAL;Image_35153.jpg;0,22;73,69;63,25;53,44;9,17;0,63;0,3009
PASAPORT;GONAD;MAL;Image_35153.jpg;0,28;46,77;36,33;26,53;9,17;0,63;0,3376
PASAPORT;GONAD;MAL;Image_35153.jpg;0,3;37,35;26,91;17,1;9,17;0,63;0,3543
PASAPORT;GONAD;MAL;Image_35147.jpg;0,22;76,38;68,0;60,07;7,49;0,45;0,2921
PASAPORT;GONAD;MAL;Image_35147.jpg;0,28;42,65;34,27;26,34;7,49;0,45;0,3326
PASAPORT;GONAD;MAL;Image_35147.jpg;0,3;32,09;23,71;15,78;7,49;0,45;0,3517
PASAPORT;GONAD;MAL;Image_35146.jpg;0,22;72,06;65,04;58,31;6,44;0,29;0,2912
PASAPORT;GONAD;MAL;Image_35146.jpg;0,28;40,69;33,67;26,94;6,44;0,29;0,3288
PASAPORT;GONAD;MAL;Image_35146.jpg;0,3;30,53;23,51;16,78;6,44;0,29;0,3457
PASAPORT;GONAD;MAL;Image_35152.jpg;0,22;63,38;59,41;55,67;3,51;0,23;0,2815
PASAPORT;GONAD;MAL;Image_35152.jpg;0,28;29,22;25,26;21,52;3,51;0,23;0,3241
PASAPORT;GONAD;MAL;Image_35152.jpg;0,3;19,93;15,96;12,23;3,51;0,23;0,3443
PASAPORT;GONAD;MAL;Image_35144copy.jpg;0,22;75,64;55,62;39,7;11,83;4,1;0,3512
PASAPORT;GONAD;MAL;Image_35144copy.jpg;0,28;53,06;33,04;17,12;11,83;4,1;0,421
PASAPORT;GONAD;MAL;Image_35144copy.jpg;0,3;46,99;26,97;11,05;11,83;4,1;0,4505
PASAPORT;GONAD;MAL;Image_35144.jpg;0,22;68,94;63,98;59,15;4,69;0,13;0,2803
PASAPORT;GONAD;MAL;Image_35144.jpg;0,28;30,83;25,86;21,03;4,69;0,13;0,3266
PASAPORT;GONAD;MAL;Image_35144.jpg;0,3;22,05;17,08;12,25;4,69;0,13;0,3457
PASAPORT;GONAD;MAL;Image_35150.jpg;0,22;60,36;53,24;46,75;5,86;0,63;0,2923
PASAPORT;GONAD;MAL;Image_35150.jpg;0,28;32,74;25,62;19,13;5,86;0,63;0,3384
PASAPORT;GONAD;MAL;Image_35150.jpg;0,3;25,15;18,02;11,53;5,86;0,63;0,3589
PASAPORT;GONAD;MAL;Image_35151.jpg;0,22;82,87;68,24;54,05;13,74;0,44;0,3082
PASAPORT;GONAD;MAL;Image_35151.jpg;0,28;57,64;43,01;28,83;13,74;0,44;0,3416
PASAPORT;GONAD;MAL;Image_35151.jpg;0,3;48,23;33,6;19,41;13,74;0,44;0,3561
PASAPORT;GONAD;MAL;Image_35145.jpg;0,22;59,55;55,91;52,61;2,97;0,33;0,2791
PASAPORT;GONAD;MAL;Image_35145.jpg;0,28;24,83;21,19;17,89;2,97;0,33;0,3253
PASAPORT;GONAD;MAL;Image_35145.jpg;0,3;16,14;12,5;9,2;2,97;0,33;0,3502
PASAPORT;GONAD;MAL;Image_35155.jpg;0,22;77,84;59,75;43,35;14,71;1,69;0,32
PASAPORT;GONAD;MAL;Image_35155.jpg;0,28;56,27;38,18;21,78;14,71;1,69;0,3594
PASAPORT;GONAD;MAL;Image_35155.jpg;0,3;49,21;31,12;14,71;14,71;1,69;0,3751
PASAPORT;GONAD;MAL;Image_35154.jpg;0,22;63,64;49,81;37,56;10,67;1,58;0,3167
PASAPORT;GONAD;MAL;Image_35154.jpg;0,28;44,5;30,67;18,42;10,67;1,58;0,3579
PASAPORT;GONAD;MAL;Image_35154.jpg;0,3;38,22;24,39;12,14;10,67;1,58;0,3755
PASAPORT;GONAD;MAL;Image_35156.jpg;0,22;69,68;55,47;42,67;11,41;1,4;0,3119
PASAPORT;GONAD;MAL;Image_35156.jpg;0,28;46,94;32,73;19,92;11,41;1,4;0,3552
PASAPORT;GONAD;MAL;Image_35156.jpg;0,3;40,13;25,92;13,12;11,41;1,4;0,3724
PASAPORT;GONAD;MAL;Image_35157.jpg;0,22;72,23;60,99;50,42;9,91;0,66;0,3034
PASAPORT;GONAD;MAL;Image_35157.jpg;0,28;47,04;35,8;25,22;9,91;0,66;0,3403
PASAPORT;GONAD;MAL;Image_35157.jpg;0,3;38,42;27,18;16,6;9,91;0,66;0,3563
URLA;GENEL DOKU;SNA;Image_35416.jpg;0,22;35,19;26,6;18,4;7,78;0,41;0,323
URLA;GENEL DOKU;SNA;Image_35416.jpg;0,28;25,69;17,1;8,9;7,78;0,41;0,3641
URLA;GENEL DOKU;SNA;Image_35416.jpg;0,3;22,86;14,27;6,07;7,78;0,41;0,3788
URLA;GENEL DOKU;SNA;Image_35402.jpg;0,22;93,55;69,22;47,34;19,44;2,44;0,3265
URLA;GENEL DOKU;SNA;Image_35402.jpg;0,28;69,03;44,71;22,82;19,44;2,44;0,3684
URLA;GENEL DOKU;SNA;Image_35402.jpg;0,3;61,43;37,11;15,22;19,44;2,44;0,3845
URLA;GENEL DOKU;SNA;Image_35403.jpg;0,22;79,92;53,91;31,23;19,36;3,33;0,3477
URLA;GENEL DOKU;SNA;Image_35403.jpg;0,28;64,43;38,42;15,74;19,36;3,33;0,3871
URLA;GENEL DOKU;SNA;Image_35403.jpg;0,3;59,67;33,66;10,98;19,36;3,33;0,4009
URLA;GENEL DOKU;SNA;Image_35417.jpg;0,22;23,01;20,31;17,7;2,51;0,1;0,2891
URLA;GENEL DOKU;SNA;Image_35417.jpg;0,28;11,66;8,96;6,36;2,51;0,1;0,342
URLA;GENEL DOKU;SNA;Image_35417.jpg;0,3;9,21;6,51;3,9;2,51;0,1;0,3618
URLA;GENEL DOKU;SNA;Image_35401.jpg;0,22;25,47;21,76;18,39;3,05;0,32;0,2943
URLA;GENEL DOKU;SNA;Image_35401.jpg;0,28;13,04;9,34;5,96;3,05;0,32;0,3584
URLA;GENEL DOKU;SNA;Image_35401.jpg;0,3;10,72;7,01;3,64;3,05;0,32;0,3812
URLA;GENEL DOKU;SNA;Image_35415.jpg;0,22;64,04;53,58;43,32;10,04;0,21;0,3023
URLA;GENEL DOKU;SNA;Image_35415.jpg;0,28;40,7;30,24;19,98;10,04;0,21;0,3427
URLA;GENEL DOKU;SNA;Image_35415.jpg;0,3;33,81;23,34;13,08;10,04;0,21;0,3583
URLA;GENEL DOKU;SNA;Image_35398.jpg;0,22;65,5;47,56;30,89;15,4;1,27;0,3299
URLA;GENEL DOKU;SNA;Image_35398.jpg;0,28;49,75;31,8;15,13;15,4;1,27;0,3696
URLA;GENEL DOKU;SNA;Image_35398.jpg;0,3;45,01;27,06;10,39;15,4;1,27;0,3836
URLA;GENEL DOKU;SNA;Image_35399.jpg;0,22;72,07;52,14;33,28;17,81;1,06;0,3322
URLA;GENEL DOKU;SNA;Image_35399.jpg;0,28;57,24;37,31;18,45;17,81;1,06;0,3646
URLA;GENEL DOKU;SNA;Image_35399.jpg;0,3;51,96;32,04;13,17;17,81;1,06;0,3769
URLA;GENEL DOKU;SNA;Image_35414.jpg;0,22;41,23;38,19;35,32;2,72;0,16;0,2806
URLA;GENEL DOKU;SNA;Image_35414.jpg;0,28;18,03;14,99;12,11;2,72;0,16;0,3306
URLA;GENEL DOKU;SNA;Image_35414.jpg;0,3;12,81;9,77;6,89;2,72;0,16;0,3525
URLA;GENEL DOKU;SNA;Image_35400.jpg;0,22;46,97;36,8;27,99;7,46;1,35;0,3126
URLA;GENEL DOKU;SNA;Image_35400.jpg;0,28;30,07;19,91;11,1;7,46;1,35;0,3677
URLA;GENEL DOKU;SNA;Image_35400.jpg;0,3;26,07;15,91;7,1;7,46;1,35;0,3873
URLA;GENEL DOKU;SNA;Image_35404.jpg;0,22;69,27;48,1;29,85;15,32;2,93;0,3383
URLA;GENEL DOKU;SNA;Image_35404.jpg;0,28;52,63;31,46;13,21;15,32;2,93;0,3858
URLA;GENEL DOKU;SNA;Image_35404.jpg;0,3;48,33;27,15;8,9;15,32;2,93;0,401
URLA;GENEL DOKU;SNA;Image_35410.jpg;0,22;19,18;18,18;17,42;0,51;0,25;0,2731
URLA;GENEL DOKU;SNA;Image_35410.jpg;0,28;5,61;4,61;3,85;0,51;0,25;0,353
URLA;GENEL DOKU;SNA;Image_35410.jpg;0,3;3,56;2,56;1,8;0,51;0,25;0,4042
URLA;GENEL DOKU;SNA;Image_35389.jpg;0,22;19,07;17,22;15,57;1,43;0,21;0,2839
URLA;GENEL DOKU;SNA;Image_35389.jpg;0,28;7,94;6,09;4,44;1,43;0,21;0,354
URLA;GENEL DOKU;SNA;Image_35389.jpg;0,3;6,06;4,21;2,57;1,43;0,21;0,3827
URLA;GENEL DOKU;SNA;Image_35411.jpg;0,22;59,86;55,22;50,75;4,29;0,17;0,2837
URLA;GENEL DOKU;SNA;Image_35411.jpg;0,28;28,89;24,25;19,78;4,29;0,17;0,3278
URLA;GENEL DOKU;SNA;Image_35411.jpg;0,3;20,92;16,28;11,81;4,29;0,17;0,3464
URLA;GENEL DOKU;SNA;Image_35405.jpg;0,22;86,49;63,12;42,83;17,2;3,08;0,3291
URLA;GENEL DOKU;SNA;Image_35405.jpg;0,28;64,07;40,7;20,41;17,2;3,08;0,3727
URLA;GENEL DOKU;SNA;Image_35405.jpg;0,3;57,28;33,9;13,62;17,2;3,08;0,3893
URLA;GENEL DOKU;SNA;Image_35413.jpg;0,22;34,74;32,12;29,67;2,28;0,17;0,2848
URLA;GENEL DOKU;SNA;Image_35413.jpg;0,28;16,95;14,33;11,88;2,28;0,17;0,3293
URLA;GENEL DOKU;SNA;Image_35413.jpg;0,3;12,18;9,56;7,11;2,28;0,17;0,349
URLA;GENEL DOKU;SNA;Image_35407.jpg;0,22;109,83;65,69;32,01;23,21;10,47;0,3768
URLA;GENEL DOKU;SNA;Image_35407.jpg;0,28;93,65;49,51;15,83;23,21;10,47;0,4185
URLA;GENEL DOKU;SNA;Image_35407.jpg;0,3;88,78;44,63;10,95;23,21;10,47;0,4325
URLA;GENEL DOKU;SNA;Image_35406.jpg;0,22;86,92;62,69;40,22;20,71;1,76;0,3311
URLA;GENEL DOKU;SNA;Image_35406.jpg;0,28;66,6;42,37;19,9;20,71;1,76;0,3702
URLA;GENEL DOKU;SNA;Image_35406.jpg;0,3;60,42;36,19;13,72;20,71;1,76;0,384
URLA;GENEL DOKU;SNA;Image_35412.jpg;0,22;48,18;43,65;39,29;4,19;0,17;0,2843
URLA;GENEL DOKU;SNA;Image_35412.jpg;0,28;23,05;18,52;14,16;4,19;0,17;0,3338
URLA;GENEL DOKU;SNA;Image_35412.jpg;0,3;17,41;12,88;8,52;4,19;0,17;0,3532
URLA;GENEL DOKU;SNA;Image_35392.jpg;0,22;27,99;26,55;25,29;1,07;0,19;0,2745
URLA;GENEL DOKU;SNA;Image_35392.jpg;0,28;9,79;8,35;7,09;1,07;0,19;0,3351
URLA;GENEL DOKU;SNA;Image_35392.jpg;0,3;6,45;5,0;3,75;1,07;0,19;0,3657
URLA;GENEL DOKU;SNA;Image_35393.jpg;0,22;45,87;40,13;34,78;4,98;0,38;0,2936
URLA;GENEL DOKU;SNA;Image_35393.jpg;0,28;25,05;19,31;13,95;4,98;0,38;0,3422
URLA;GENEL DOKU;SNA;Image_35393.jpg;0,3;19,73;13,99;8,63;4,98;0,38;0,3622
URLA;GENEL DOKU;SNA;Image_35408.jpg;0,22;59,55;38,22;23,18;8,76;6,28;0,3603
URLA;GENEL DOKU;SNA;Image_35408.jpg;0,28;45,45;24,13;9,09;8,76;6,28;0,4263
URLA;GENEL DOKU;SNA;Image_35408.jpg;0,3;42,2;20,87;5,83;8,76;6,28;0,4476
URLA;GENEL DOKU;SNA;Image_35409.jpg;0,22;91,89;56,16;29,29;18,02;8,85;0,3708
URLA;GENEL DOKU;SNA;Image_35409.jpg;0,28;76,46;40,74;13,87;18,02;8,85;0,4167
URLA;GENEL DOKU;SNA;Image_35409.jpg;0,3;72,02;36,3;9,43;18,02;8,85;0,4323
URLA;GENEL DOKU;SNA;Image_35419.jpg;0,22;46,73;39,09;31,73;7,07;0,29;0,3016
URLA;GENEL DOKU;SNA;Image_35419.jpg;0,28;28,71;21,07;13,71;7,07;0,29;0,3467
URLA;GENEL DOKU;SNA;Image_35419.jpg;0,3;23,87;16,23;8,87;7,07;0,29;0,3636
URLA;GENEL DOKU;SNA;Image_35394.jpg;0,22;69,21;55,32;42,08;12,58;0,65;0,31
URLA;GENEL DOKU;SNA;Image_35394.jpg;0,28;46,57;32,68;19,44;12,58;0,65;0,3523
URLA;GENEL DOKU;SNA;Image_35394.jpg;0,3;40,21;26,32;13,08;12,58;0,65;0,3674
URLA;GENEL DOKU;SNA;Image_35395.jpg;0,22;46,38;39,75;33,56;5,75;0,44;0,2972
URLA;GENEL DOKU;SNA;Image_35395.jpg;0,28;26,95;20,32;14,13;5,75;0,44;0,3437
URLA;GENEL DOKU;SNA;Image_35395.jpg;0,3;21,84;15,21;9,02;5,75;0,44;0,3618
URLA;GENEL DOKU;SNA;Image_35418.jpg;0,22;30,45;26,98;23,63;3,23;0,12;0,2937
URLA;GENEL DOKU;SNA;Image_35418.jpg;0,28;17,33;13,86;10,51;3,23;0,12;0,3356
URLA;GENEL DOKU;SNA;Image_35418.jpg;0,3;13,52;10,05;6,7;3,23;0,12;0,353
URLA;GENEL DOKU;SNA;Image_35397.jpg;0,22;70,29;56,34;42,58;13,55;0,2;0,3109
URLA;GENEL DOKU;SNA;Image_35397.jpg;0,28;49,46;35,51;21,76;13,55;0,2;0,3466
URLA;GENEL DOKU;SNA;Image_35397.jpg;0,3;42,78;28,82;15,07;13,55;0,2;0,3597
URLA;GENEL DOKU;SNA;Image_35396.jpg;0,22;48,3;43,55;38,93;4,49;0,13;0,2869
URLA;GENEL DOKU;SNA;Image_35396.jpg;0,28;24,63;19,89;15,27;4,49;0,13;0,3328
URLA;GENEL DOKU;SNA;Image_35396.jpg;0,3;18,87;14,12;9,5;4,49;0,13;0,3504
URLA;GENEL DOKU;MAL;Image_35370.jpg;0,22;16,43;15,92;15,54;0,26;0,12;0,2631
URLA;GENEL DOKU;MAL;Image_35370.jpg;0,28;3,21;2,7;2,32;0,26;0,12;0,3596
URLA;GENEL DOKU;MAL;Image_35370.jpg;0,3;1,92;1,42;1,03;0,26;0,12;0,4237
URLA;GENEL DOKU;MAL;Image_35371.jpg;0,22;49,39;45,88;42,62;3,0;0,26;0,2789
URLA;GENEL DOKU;MAL;Image_35371.jpg;0,28;20,52;17,01;13,75;3,0;0,26;0,3308
URLA;GENEL DOKU;MAL;Image_35371.jpg;0,3;14,44;10,93;7,67;3,0;0,26;0,3539
URLA;GENEL DOKU;MAL;Image_35373.jpg;0,22;23,29;19,63;16,6;2,39;0,63;0,2907
URLA;GENEL DOKU;MAL;Image_35373.jpg;0,28;10,14;6,48;3,45;2,39;0,63;0,3876
URLA;GENEL DOKU;MAL;Image_35373.jpg;0,3;8,67;5,02;1,99;2,39;0,63;0,4162
URLA;GENEL DOKU;MAL;Image_35372.jpg;0,22;57,57;47,6;38,06;9,12;0,43;0,3087
URLA;GENEL DOKU;MAL;Image_35372.jpg;0,28;39,83;29,86;20,31;9,12;0,43;0,3424
URLA;GENEL DOKU;MAL;Image_35372.jpg;0,3;33,03;23,06;13,52;9,12;0,43;0,3579
URLA;GENEL DOKU;MAL;Image_35376.jpg;0,22;104,89;65,03;34,85;20,51;9,68;0,3672
URLA;GENEL DOKU;MAL;Image_35376.jpg;0,28;86,67;46,81;16,63;20,51;9,68;0,413
URLA;GENEL DOKU;MAL;Image_35376.jpg;0,3;81,25;41,39;11,21;20,51;9,68;0,4292
URLA;GENEL DOKU;MAL;Image_35388.jpg;0,22;68,39;53,43;39,06;13,78;0,59;0,3158
URLA;GENEL DOKU;MAL;Image_35388.jpg;0,28;48,89;33,93;19,57;13,78;0,59;0,3535
URLA;GENEL DOKU;MAL;Image_35388.jpg;0,3;42,55;27,59;13,23;13,78;0,59;0,3681
URLA;GENEL DOKU;MAL;Image_35377.jpg;0,22;74,53;64,59;55,04;9,17;0,38;0,2974
URLA;GENEL DOKU;MAL;Image_35377.jpg;0,28;45,41;35,47;25,92;9,17;0,38;0,3359
URLA;GENEL DOKU;MAL;Image_35377.jpg;0,3;36,19;26,25;16,7;9,17;0,38;0,352
URLA;GENEL DOKU;MAL;Image_35375.jpg;0,22;48,22;34,86;24,52;7,32;3,02;0,3361
URLA;GENEL DOKU;MAL;Image_35375.jpg;0,28;33,3;19,94;9,6;7,32;3,02;0,402
URLA;GENEL DOKU;MAL;Image_35375.jpg;0,3;29,78;16,42;6,08;7,32;3,02;0,4261
URLA;GENEL DOKU;MAL;Image_35374.jpg;0,22;26,58;21,52;17,21;3,54;0,76;0,3069
URLA;GENEL DOKU;MAL;Image_35374.jpg;0,28;15,37;10,3;6,0;3,54;0,76;0,3724
URLA;GENEL DOKU;MAL;Image_35374.jpg;0,3;13,06;8,0;3,69;3,54;0,76;0,3963
URLA;GENEL DOKU;MAL;Image_35379.jpg;0,22;62,46;52,37;42,52;9,62;0,23;0,303
URLA;GENEL DOKU;MAL;Image_35379.jpg;0,28;40,64;30,55;20,7;9,62;0,23;0,3408
URLA;GENEL DOKU;MAL;Image_35379.jpg;0,3;33,69;23,61;13,75;9,62;0,23;0,3557
URLA;GENEL DOKU;MAL;Image_35386.jpg;0,22;30,74;23,25;16,23;6,55;0,47;0,3222
URLA;GENEL DOKU;MAL;Image_35386.jpg;0,28;22,08;14,59;7,57;6,55;0,47;0,3658
URLA;GENEL DOKU;MAL;Image_35386.jpg;0,3;19,66;12,17;5,15;6,55;0,47;0,3809
URLA;GENEL DOKU;MAL;Image_35387.jpg;0,22;46,58;36,56;27,1;8,89;0,57;0,3141
URLA;GENEL DOKU;MAL;Image_35387.jpg;0,28;32,0;21,97;12,52;8,89;0,57;0,3571
URLA;GENEL DOKU;MAL;Image_35387.jpg;0,3;27,76;17,74;8,28;8,89;0,57;0,3731
URLA;GENEL DOKU;MAL;Image_35378.jpg;0,22;68,82;51,6;35,59;14,81;1,2;0,3265
URLA;GENEL DOKU;MAL;Image_35378.jpg;0,28;52,6;35,39;19,37;14,81;1,2;0,3609
URLA;GENEL DOKU;MAL;Image_35378.jpg;0,3;46,48;29,26;13,25;14,81;1,2;0,3757
URLA;GENEL DOKU;MAL;Image_35385.jpg;0,22;33,56;31,02;28,82;1,85;0,34;0,2748
URLA;GENEL DOKU;MAL;Image_35385.jpg;0,28;11,74;9,2;7,0;1,85;0,34;0,3445
URLA;GENEL DOKU;MAL;Image_35385.jpg;0,3;8,44;5,9;3,7;1,85;0,34;0,3753
URLA;GENEL DOKU;MAL;Image_35384.jpg;0,22;19,16;17,15;15,29;1,72;0,14;0,2866
URLA;GENEL DOKU;MAL;Image_35384.jpg;0,28;8,51;6,5;4,64;1,72;0,14;0,3536
URLA;GENEL DOKU;MAL;Image_35384.jpg;0,3;6,61;4,61;2,75;1,72;0,14;0,3799
URLA;GENEL DOKU;MAL;Image_35380.jpg;0,22;91,41;58,74;31,97;20,87;5,9;0,3584
URLA;GENEL DOKU;MAL;Image_35380.jpg;0,28;75,48;42,81;16,03;20,87;5,9;0,3987
URLA;GENEL DOKU;MAL;Image_35380.jpg;0,3;70,5;37,83;11,06;20,87;5,9;0,413
URLA;GENEL DOKU;MAL;Image_35381.jpg;0,22;89,07;62,62;38,94;20,91;2,77;0,3382
URLA;GENEL DOKU;MAL;Image_35381.jpg;0,28;70,46;44,01;20,33;20,91;2,77;0,3755
URLA;GENEL DOKU;MAL;Image_35381.jpg;0,3;64,27;37,82;14,13;20,91;2,77;0,3895
URLA;GENEL DOKU;MAL;Image_35383.jpg;0,22;59,21;47,61;36,36;10,92;0,34;0,3102
URLA;GENEL DOKU;MAL;Image_35383.jpg;0,28;40,83;29,24;17,99;10,92;0,34;0,348
URLA;GENEL DOKU;MAL;Image_35383.jpg;0,3;34,96;23,37;12,11;10,92;0,34;0,3626
URLA;GENEL DOKU;MAL;Image_35382.jpg;0,22;67,95;54,27;40,95;12,98;0,35;0,3118
URLA;GENEL DOKU;MAL;Image_35382.jpg;0,28;47,88;34,2;20,87;12,98;0,35;0,3479
URLA;GENEL DOKU;MAL;Image_35382.jpg;0,3;41,13;27,45;14,13;12,98;0,35;0,3621
URLA;GENEL DOKU;WGA;Image_35429.jpg;0,22;130,22;65,42;20,52;24,98;19,91;0,4277
URLA;GENEL DOKU;WGA;Image_35429.jpg;0,28;120,9;56,1;11,2;24,98;19,91;0,4572
URLA;GENEL DOKU;WGA;Image_35429.jpg;0,3;117,71;52,9;8,01;24,98;19,91;0,4673
URLA;GENEL DOKU;WGA;Image_35428.jpg;0,22;94,32;54,38;22,93;22,97;8,48;0,3855
URLA;GENEL DOKU;WGA;Image_35428.jpg;0,28;83,71;43,77;12,32;22,97;8,48;0,4183
URLA;GENEL DOKU;WGA;Image_35428.jpg;0,3;80,12;40,19;8,74;22,97;8,48;0,4298
URLA;GENEL DOKU;WGA;Image_35438.jpg;0,22;66,68;43,32;22,88;17,51;2,93;0,3563
URLA;GENEL DOKU;WGA;Image_35438.jpg;0,28;55,75;32,39;11,95;17,51;2,93;0,3922
URLA;GENEL DOKU;WGA;Image_35438.jpg;0,3;52,2;28,84;8,4;17,51;2,93;0,4048
URLA;GENEL DOKU;WGA;Image_35439.jpg;0,22;90,73;50,19;20,31;19,21;10,67;0,3988
URLA;GENEL DOKU;WGA;Image_35439.jpg;0,28;81,6;41,06;11,18;19,21;10,67;0,4318
URLA;GENEL DOKU;WGA;Image_35439.jpg;0,3;78,41;37,87;8,0;19,21;10,67;0,4437
URLA;GENEL DOKU;WGA;Image_35440.jpg;0,22;72,41;37,43;13,4;13,07;10,96;0,4193
URLA;GENEL DOKU;WGA;Image_35440.jpg;0,28;65,59;30,6;6,58;13,07;10,96;0,4573
URLA;GENEL DOKU;WGA;Image_35440.jpg;0,3;63,58;28,6;4,57;13,07;10,96;0,469
URLA;GENEL DOKU;WGA;Image_35437.jpg;0,22;74,61;44,47;20,69;17,44;6,35;0,3782
URLA;GENEL DOKU;WGA;Image_35437.jpg;0,28;64,75;34,62;10,83;17,44;6,35;0,4148
URLA;GENEL DOKU;WGA;Image_35437.jpg;0,3;61,59;31,45;7,66;17,44;6,35;0,4274
URLA;GENEL DOKU;WGA;Image_35423.jpg;0,22;80,0;50,5;25,42;20,67;4,41;0,364
URLA;GENEL DOKU;WGA;Image_35423.jpg;0,28;68,96;39,46;14,38;20,67;4,41;0,3955
URLA;GENEL DOKU;WGA;Image_35423.jpg;0,3;64,82;35,32;10,24;20,67;4,41;0,4079
URLA;GENEL DOKU;WGA;Image_35422.jpg;0,22;89,08;59,59;32,94;23,79;2,85;0,349
URLA;GENEL DOKU;WGA;Image_35422.jpg;0,28;74,5;45,0;18,36;23,79;2,85;0,3809
URLA;GENEL DOKU;WGA;Image_35422.jpg;0,3;69,29;39,79;13,15;23,79;2,85;0,3928
URLA;GENEL DOKU;WGA;Image_35436.jpg;0,22;113,39;60,41;21,46;24,92;14,03;0,4097
URLA;GENEL DOKU;WGA;Image_35436.jpg;0,28;103,84;50,86;11,91;24,92;14,03;0,4396
URLA;GENEL DOKU;WGA;Image_35436.jpg;0,3;100,47;47,49;8,54;24,92;14,03;0,4502
URLA;GENEL DOKU;WGA;Image_35420.jpg;0,22;67,48;44,8;24,71;17,51;2,59;0,3516
URLA;GENEL DOKU;WGA;Image_35420.jpg;0,28;56,96;34,28;14,19;17,51;2,59;0,3824
URLA;GENEL DOKU;WGA;Image_35420.jpg;0,3;53,0;30,33;10,23;17,51;2,59;0,3945
URLA;GENEL DOKU;WGA;Image_35434.jpg;0,22;99,72;52,04;18,0;20,4;13,64;0,4157
URLA;GENEL DOKU;WGA;Image_35434.jpg;0,28;91,33;43,65;9,6;20,4;13,64;0,4477
URLA;GENEL DOKU;WGA;Image_35434.jpg;0,3;88,57;40,88;6,84;20,4;13,64;0,4583
URLA;GENEL DOKU;WGA;Image_35435.jpg;0,22;64,05;36,94;16,9;12,96;7,08;0,3853
URLA;GENEL DOKU;WGA;Image_35435.jpg;0,28;55,26;28,14;8,1;12,96;7,08;0,428
URLA;GENEL DOKU;WGA;Image_35435.jpg;0,3;52,74;25,62;5,59;12,96;7,08;0,4415
URLA;GENEL DOKU;WGA;Image_35421.jpg;0,22;111,14;69,84;34,04;30,29;5,51;0,3644
URLA;GENEL DOKU;WGA;Image_35421.jpg;0,28;96,49;55,2;19,4;30,29;5,51;0,3944
URLA;GENEL DOKU;WGA;Image_35421.jpg;0,3;91,09;49,79;14,0;30,29;5,51;0,4058
URLA;GENEL DOKU;WGA;Image_35425.jpg;0,22;90,44;63,95;38,59;24,23;1,13;0,3377
URLA;GENEL DOKU;WGA;Image_35425.jpg;0,28;74,63;48,14;22,78;24,23;1,13;0,3659
URLA;GENEL DOKU;WGA;Image_35425.jpg;0,3;68,26;41,78;16,42;24,23;1,13;0,3775
URLA;GENEL DOKU;WGA;Image_35431.jpg;0,22;47,54;35,29;23,55;11,23;0,51;0,3271
URLA;GENEL DOKU;WGA;Image_35431.jpg;0,28;36,56;24,31;12,56;11,23;0,51;0,3619
URLA;GENEL DOKU;WGA;Image_35431.jpg;0,3;32,84;20,59;8,85;11,23;0,51;0,3749
URLA;GENEL DOKU;WGA;Image_35430.jpg;0,22;70,0;46,43;24,99;19,32;2,12;0,3509
URLA;GENEL DOKU;WGA;Image_35430.jpg;0,28;58,39;34,83;13,38;19,32;2,12;0,3846
URLA;GENEL DOKU;WGA;Image_35430.jpg;0,3;54,54;30,97;9,53;19,32;2,12;0,3963
URLA;GENEL DOKU;WGA;Image_35424.jpg;0,22;117,06;71,49;32,17;33,09;6,24;0,3712
URLA;GENEL DOKU;WGA;Image_35424.jpg;0,28;103,59;58,03;18,7;33,09;6,24;0,3991
URLA;GENEL DOKU;WGA;Image_35424.jpg;0,3;98,46;52,9;13,57;33,09;6,24;0,4096
URLA;GENEL DOKU;WGA;Image_35432.jpg;0,22;55,13;43,93;33,24;10,19;0,51;0,3146
URLA;GENEL DOKU;WGA;Image_35432.jpg;0,28;39,78;28,58;17,89;10,19;0,51;0,3486
URLA;GENEL DOKU;WGA;Image_35432.jpg;0,3;34,06;22,87;12,18;10,19;0,51;0,3633
URLA;GENEL DOKU;WGA;Image_35426.jpg;0,22;83,29;57,01;32,71;22,32;1,98;0,3442
URLA;GENEL DOKU;WGA;Image_35426.jpg;0,28;69,03;42,75;18,45;22,32;1,98;0,3754
URLA;GENEL DOKU;WGA;Image_35426.jpg;0,3;63,77;37,49;13,19;22,32;1,98;0,3874
URLA;GENEL DOKU;WGA;Image_35427.jpg;0,22;93,95;55,68;24,57;23,94;7,17;0,3783
URLA;GENEL DOKU;WGA;Image_35427.jpg;0,28;82,76;44,48;13,37;23,94;7,17;0,4105
URLA;GENEL DOKU;WGA;Image_35427.jpg;0,3;78,96;40,69;9,58;23,94;7,17;0,4218
URLA;GENEL DOKU;WGA;Image_35433.jpg;0,22;62,34;43,01;24,56;17,57;0,88;0,3421
URLA;GENEL DOKU;WGA;Image_35433.jpg;0,28;51,18;31,85;13,41;17,57;0,88;0,3743
URLA;GENEL DOKU;WGA;Image_35433.jpg;0,3;47,37;28,04;9,59;17,57;0,88;0,3857
URLA;GONAD;SNA;Image_35238.jpg;0,22;4,66;4,07;3,6;0,34;0,13;0,3113
URLA;GONAD;SNA;Image_35238.jpg;0,28;2,28;1,68;1,22;0,34;0,13;0,403
URLA;GONAD;SNA;Image_35238.jpg;0,3;1,79;1,19;0,73;0,34;0,13;0,4493
URLA;GONAD;SNA;Image_35239.jpg;0,22;8,92;7,6;6,41;1,07;0,13;0,3037
URLA;GONAD;SNA;Image_35239.jpg;0,28;4,74;3,43;2,24;1,07;0,13;0,3733
URLA;GONAD;SNA;Image_35239.jpg;0,3;3,9;2,58;1,39;1,07;0,13;0,4009
URLA;GONAD;SNA;Image_35229.jpg;0,22;14,33;10,96;7,92;2,72;0,32;0,3241
URLA;GONAD;SNA;Image_35229.jpg;0,28;9,96;6,6;3,55;2,72;0,32;0,3743
URLA;GONAD;SNA;Image_35229.jpg;0,3;8,8;5,43;2,39;2,72;0,32;0,3924
URLA;GONAD;SNA;Image_35228.jpg;0,22;5,11;4,18;3,4;0,63;0,15;0,3183
URLA;GONAD;SNA;Image_35228.jpg;0,28;2,87;1,94;1,17;0,63;0,15;0,4011
URLA;GONAD;SNA;Image_35228.jpg;0,3;2,43;1,5;0,72;0,63;0,15;0,4338
URLA;GONAD;SNA;Image_35267.jpg;0,22;86,87;56,84;30,16;23,35;3,34;0,3543
URLA;GONAD;SNA;Image_35267.jpg;0,28;74,04;44,02;17,33;23,35;3,34;0,3845
URLA;GONAD;SNA;Image_35267.jpg;0,3;69,18;39,16;12,48;23,35;3,34;0,3962
URLA;GONAD;SNA;Image_35266.jpg;0,22;58,66;42,19;27,34;13,22;1,63;0,3335
URLA;GONAD;SNA;Image_35266.jpg;0,28;45,58;29,11;14,26;13,22;1,63;0,3708
URLA;GONAD;SNA;Image_35266.jpg;0,3;41,16;24,69;9,84;13,22;1,63;0,3853
URLA;GONAD;SNA;Image_35258.jpg;0,22;67,75;48,68;30,52;17,25;0,91;0,3356
URLA;GONAD;SNA;Image_35258.jpg;0,28;55,47;36,4;18,24;17,25;0,91;0,3638
URLA;GONAD;SNA;Image_35258.jpg;0,3;50,29;31,22;13,06;17,25;0,91;0,376
URLA;GONAD;SNA;Image_35264.jpg;0,22;58,09;51,09;44,27;6,65;0,18;0,2916
URLA;GONAD;SNA;Image_35264.jpg;0,28;31,83;24,83;18,01;6,65;0,18;0,3366
URLA;GONAD;SNA;Image_35264.jpg;0,3;25,0;18,0;11,18;6,65;0,18;0,3544
URLA;GONAD;SNA;Image_35265.jpg;0,22;73,85;59,51;45,65;13,38;0,47;0,3121
URLA;GONAD;SNA;Image_35265.jpg;0,28;52,46;38,13;24,27;13,38;0,47;0,3462
URLA;GONAD;SNA;Image_35265.jpg;0,3;44,69;30,35;16,5;13,38;0,47;0,3606
URLA;GONAD;SNA;Image_35259.jpg;0,22;51,66;40,7;30,22;10,01;0,47;0,3155
URLA;GONAD;SNA;Image_35259.jpg;0,28;36,23;25,27;14,79;10,01;0,47;0,3553
URLA;GONAD;SNA;Image_35259.jpg;0,3;31,34;20,38;9,9;10,01;0,47;0,371
URLA;GONAD;SNA;Image_35261.jpg;0,22;32,81;25,71;18,83;6,67;0,21;0,319
URLA;GONAD;SNA;Image_35261.jpg;0,28;23,87;16,77;9,89;6,67;0,21;0,3552
URLA;GONAD;SNA;Image_35261.jpg;0,3;20,77;13,67;6,78;6,67;0,21;0,37
URLA;GONAD;SNA;Image_35249.jpg;0,22;47,38;37,07;27,47;8,9;0,7;0,319
URLA;GONAD;SNA;Image_35249.jpg;0,28;33,59;23,28;13,68;8,9;0,7;0,3594
URLA;GONAD;SNA;Image_35249.jpg;0,3;29,03;18,72;9,12;8,9;0,7;0,3764
URLA;GONAD;SNA;Image_35248.jpg;0,22;22,29;19,15;16,27;2,63;0,26;0,299
URLA;GONAD;SNA;Image_35248.jpg;0,28;12,42;9,28;6,39;2,63;0,26;0,352
URLA;GONAD;SNA;Image_35248.jpg;0,3;9,92;6,78;3,89;2,63;0,26;0,375
URLA;GONAD;SNA;Image_35260.jpg;0,22;57,76;44,08;30,75;12,98;0,35;0,3222
URLA;GONAD;SNA;Image_35260.jpg;0,28;43,58;29,9;16,57;12,98;0,35;0,3562
URLA;GONAD;SNA;Image_35260.jpg;0,3;38,64;24,96;11,63;12,98;0,35;0,3693
URLA;GONAD;SNA;Image_35262.jpg;0,22;85,78;58,22;33,24;22,39;2,59;0,3464
URLA;GONAD;SNA;Image_35262.jpg;0,28;71,84;44,28;19,3;22,39;2,59;0,3763
URLA;GONAD;SNA;Image_35262.jpg;0,3;66,3;38,74;13,76;22,39;2,59;0,3886
URLA;GONAD;SNA;Image_35263.jpg;0,22;43,39;40,27;37,38;2,66;0,23;0,278
URLA;GONAD;SNA;Image_35263.jpg;0,28;17,57;14,45;11,56;2,66;0,23;0,3321
URLA;GONAD;SNA;Image_35263.jpg;0,3;12,31;9,19;6,3;2,66;0,23;0,3566
URLA;GONAD;SNA;Image_35246.jpg;0,22;15,44;10,7;6,53;3,59;0,58;0,3439
URLA;GONAD;SNA;Image_35246.jpg;0,28;11,78;7,04;2,87;3,59;0,58;0,3938
URLA;GONAD;SNA;Image_35246.jpg;0,3;10,85;6,11;1,94;3,59;0,58;0,4096
URLA;GONAD;SNA;Image_35252.jpg;0,22;48,94;33,51;19,86;11,89;1,77;0,3456
URLA;GONAD;SNA;Image_35252.jpg;0,28;39,69;24,27;10,61;11,89;1,77;0,3818
URLA;GONAD;SNA;Image_35252.jpg;0,3;36,5;21,07;7,42;11,89;1,77;0,3958
URLA;GONAD;SNA;Image_35253.jpg;0,22;34,51;23,95;14,58;8,17;1,2;0,3453
URLA;GONAD;SNA;Image_35253.jpg;0,28;28,44;17,87;8,5;8,17;1,2;0,3772
URLA;GONAD;SNA;Image_35253.jpg;0,3;25,94;15,38;6,01;8,17;1,2;0,3914
URLA;GONAD;SNA;Image_35247.jpg;0,22;51,0;40,91;31,3;9,14;0,48;0,3125
URLA;GONAD;SNA;Image_35247.jpg;0,28;35,41;25,32;15,71;9,14;0,48;0,3503
URLA;GONAD;SNA;Image_35247.jpg;0,3;30,11;20,02;10,4;9,14;0,48;0,3663
URLA;GONAD;SNA;Image_35251.jpg;0,22;38,53;32,32;26,57;5,29;0,46;0,299
URLA;GONAD;SNA;Image_35251.jpg;0,28;21,25;15,04;9,29;5,29;0,46;0,3574
URLA;GONAD;SNA;Image_35251.jpg;0,3;17,49;11,27;5,52;5,29;0,46;0,3801
URLA;GONAD;SNA;Image_35245.jpg;0,22;15,63;11,5;7,71;3,43;0,35;0,3298
URLA;GONAD;SNA;Image_35245.jpg;0,28;11,22;7,09;3,3;3,43;0,35;0,3809
URLA;GONAD;SNA;Image_35245.jpg;0,3;10,14;6,0;2,22;3,43;0,35;0,3974
URLA;GONAD;SNA;Image_35244.jpg;0,22;9,58;7,16;4,97;1,94;0,24;0,3302
URLA;GONAD;SNA;Image_35244.jpg;0,28;6,81;4,38;2,19;1,94;0,24;0,3822
URLA;GONAD;SNA;Image_35244.jpg;0,3;6,09;3,66;1,47;1,94;0,24;0,4003
URLA;GONAD;SNA;Image_35250.jpg;0,22;60,37;42,64;27,44;12,68;2,52;0,3402
URLA;GONAD;SNA;Image_35250.jpg;0,28;47,66;29,93;14,73;12,68;2,52;0,3781
URLA;GONAD;SNA;Image_35250.jpg;0,3;42,99;25,26;10,06;12,68;2,52;0,3944
URLA;GONAD;SNA;Image_35254.jpg;0,22;40,51;35,3;30,24;4,91;0,15;0,2965
URLA;GONAD;SNA;Image_35254.jpg;0,28;23,93;18,72;13,66;4,91;0,15;0,3373
URLA;GONAD;SNA;Image_35254.jpg;0,3;18,82;13,61;8,55;4,91;0,15;0,3552
URLA;GONAD;SNA;Image_35240.jpg;0,22;10,7;7,79;5,18;2,32;0,29;0,3352
URLA;GONAD;SNA;Image_35240.jpg;0,28;7,84;4,93;2,32;2,32;0,29;0,3859
URLA;GONAD;SNA;Image_35240.jpg;0,3;7,1;4,19;1,57;2,32;0,29;0,403
URLA;GONAD;SNA;Image_35241.jpg;0,22;10,55;7,64;5,06;2,24;0,33;0,3365
URLA;GONAD;SNA;Image_35241.jpg;0,28;7,64;4,73;2,15;2,24;0,33;0,3912
URLA;GONAD;SNA;Image_35241.jpg;0,3;6,94;4,02;1,45;2,24;0,33;0,4089
URLA;GONAD;SNA;Image_35255.jpg;0,22;53,52;47,13;40,94;6,0;0,19;0,2908
URLA;GONAD;SNA;Image_35255.jpg;0,28;28,49;22,1;15,91;6,0;0,19;0,338
URLA;GONAD;SNA;Image_35255.jpg;0,3;22,17;15,79;9,59;6,0;0,19;0,3574
URLA;GONAD;SNA;Image_35243.jpg;0,22;3,25;2,86;2,57;0,19;0,1;0,3099
URLA;GONAD;SNA;Image_35243.jpg;0,28;1,43;1,05;0,76;0,19;0,1;0,4211
URLA;GONAD;SNA;Image_35243.jpg;0,3;1,12;0,74;0,45;0,19;0,1;0,4769
URLA;GONAD;SNA;Image_35257.jpg;0,22;47,28;39,93;32,82;6,87;0,24;0,3017
URLA;GONAD;SNA;Image_35257.jpg;0,28;29,15;21,8;14,68;6,87;0,24;0,3446
URLA;GONAD;SNA;Image_35257.jpg;0,3;23,7;16,34;9,23;6,87;0,24;0,3629
URLA;GONAD;SNA;Image_35256.jpg;0,22;64,59;54,29;44,57;9,15;0,57;0,3006
URLA;GONAD;SNA;Image_35256.jpg;0,28;38,11;27,81;18,09;9,15;0,57;0,3492
URLA;GONAD;SNA;Image_35256.jpg;0,3;31,01;20,71;10,99;9,15;0,57;0,3697
URLA;GONAD;SNA;Image_35242.jpg;0,22;18,35;13,05;8,35;4,12;0,59;0,3365
URLA;GONAD;SNA;Image_35242.jpg;0,28;13,73;8,43;3,72;4,12;0,59;0,3848
URLA;GONAD;SNA;Image_35242.jpg;0,3;12,52;7,22;2,52;4,12;0,59;0,4007
URLA;GONAD;SNA;Image_35225.jpg;0,22;3,51;2,92;2,46;0,33;0,13;0,3239
URLA;GONAD;SNA;Image_35225.jpg;0,28;1,85;1,26;0,8;0,33;0,13;0,4258
URLA;GONAD;SNA;Image_35225.jpg;0,3;1,53;0,95;0,49;0,33;0,13;0,4715
URLA;GONAD;SNA;Image_35231.jpg;0,22;3,87;3,16;2,6;0,41;0,15;0,3283
URLA;GONAD;SNA;Image_35231.jpg;0,28;2,13;1,42;0,86;0,41;0,15;0,4292
URLA;GONAD;SNA;Image_35231.jpg;0,3;1,8;1,09;0,53;0,41;0,15;0,4718
URLA;GONAD;SNA;Image_35230.jpg;0,22;12,12;9,39;7,0;2,06;0,33;0,3228
URLA;GONAD;SNA;Image_35230.jpg;0,28;8,0;5,27;2,88;2,06;0,33;0,3812
URLA;GONAD;SNA;Image_35230.jpg;0,3;6,97;4,25;1,86;2,06;0,33;0,4033
URLA;GONAD;SNA;Image_35232.jpg;0,22;5,47;4,34;3,39;0,76;0,19;0,3273
URLA;GONAD;SNA;Image_35232.jpg;0,28;3,33;2,19;1,24;0,76;0,19;0,4064
URLA;GONAD;SNA;Image_35232.jpg;0,3;2,87;1,74;0,79;0,76;0,19;0,4368
URLA;GONAD;SNA;Image_35226.jpg;0,22;5,02;4,08;3,31;0,58;0,18;0,3219
URLA;GONAD;SNA;Image_35226.jpg;0,28;2,81;1,86;1,1;0,58;0,18;0,4122
URLA;GONAD;SNA;Image_35226.jpg;0,3;2,38;1,44;0,67;0,58;0,18;0,4483
URLA;GONAD;SNA;Image_35227.jpg;0,22;6,17;5,07;4,11;0,82;0,14;0,3159
URLA;GONAD;SNA;Image_35227.jpg;0,28;3,59;2,49;1,53;0,82;0,14;0,3875
URLA;GONAD;SNA;Image_35227.jpg;0,3;3,03;1,93;0,97;0,82;0,14;0,4161
URLA;GONAD;SNA;Image_35233.jpg;0,22;6,22;5,06;4,07;0,83;0,16;0,3197
URLA;GONAD;SNA;Image_35233.jpg;0,28;3,67;2,52;1,53;0,83;0,16;0,3932
URLA;GONAD;SNA;Image_35233.jpg;0,3;3,11;1,95;0,96;0,83;0,16;0,4231
URLA;GONAD;SNA;Image_35237.jpg;0,22;16,34;13,44;10,7;2,57;0,17;0,3063
URLA;GONAD;SNA;Image_35237.jpg;0,28;9,89;6,99;4,25;2,57;0,17;0,3604
URLA;GONAD;SNA;Image_35237.jpg;0,3;8,37;5,46;2,73;2,57;0,17;0,3801
URLA;GONAD;SNA;Image_35236.jpg;0,22;11,57;9,79;8,14;1,51;0,13;0,3025
URLA;GONAD;SNA;Image_35236.jpg;0,28;6,42;4,64;3,0;1,51;0,13;0,3642
URLA;GONAD;SNA;Image_35236.jpg;0,3;5,31;3,53;1,88;1,51;0,13;0,3877
URLA;GONAD;SNA;Image_35234.jpg;0,22;9,11;7,43;6,0;1,17;0,26;0,3127
URLA;GONAD;SNA;Image_35234.jpg;0,28;5,18;3,5;2,07;1,17;0,26;0,387
URLA;GONAD;SNA;Image_35234.jpg;0,3;4,38;2,7;1,27;1,17;0,26;0,4158
URLA;GONAD;SNA;Image_35235.jpg;0,22;6,16;4,99;4,02;0,77;0,2;0,3227
URLA;GONAD;SNA;Image_35235.jpg;0,28;3,55;2,38;1,42;0,77;0,2;0,4059
URLA;GONAD;SNA;Image_35235.jpg;0,3;3,01;1,84;0,88;0,77;0,2;0,44
URLA;GONAD;WGA;Image_35358.jpg;0,22;162,48;75,99;17,0;31,49;27,5;0,4505
URLA;GONAD;WGA;Image_35358.jpg;0,28;155,54;69,05;10,06;31,49;27,5;0,4706
URLA;GONAD;WGA;Image_35358.jpg;0,3;152,91;66,43;7,44;31,49;27,5;0,4777
URLA;GONAD;WGA;Image_35364.jpg;0,22;157,01;70,32;15,73;22,49;32,1;0,4709
URLA;GONAD;WGA;Image_35364.jpg;0,28;149,87;63,18;8,59;22,49;32,1;0,4959
URLA;GONAD;WGA;Image_35364.jpg;0,3;147,47;60,78;6,19;22,49;32,1;0,504
URLA;GONAD;WGA;Image_35365.jpg;0,22;122,24;62,6;19,51;26,54;16,55;0,427
URLA;GONAD;WGA;Image_35365.jpg;0,28;114,18;54,55;11,46;26,54;16,55;0,453
URLA;GONAD;WGA;Image_35365.jpg;0,3;111,1;51,47;8,38;26,54;16,55;0,4628
URLA;GONAD;WGA;Image_35359.jpg;0,22;101,93;49,74;12,02;23,23;14,48;0,4343
URLA;GONAD;WGA;Image_35359.jpg;0,28;97,06;44,86;7,15;23,23;14,48;0,4542
URLA;GONAD;WGA;Image_35359.jpg;0,3;95,23;43,03;5,32;23,23;14,48;0,4612
URLA;GONAD;WGA;Image_35367.jpg;0,22;113,5;66,19;29,4;26,27;10,52;0,3871
URLA;GONAD;WGA;Image_35367.jpg;0,28;101,21;53,9;17,1;26,27;10,52;0,4182
URLA;GONAD;WGA;Image_35367.jpg;0,3;96,53;49,21;12,42;26,27;10,52;0,4304
URLA;GONAD;WGA;Image_35366.jpg;0,22;106,06;58,24;20,5;27,64;10,09;0,3998
URLA;GONAD;WGA;Image_35366.jpg;0,28;97,57;49,75;12,01;27,64;10,09;0,4252
URLA;GONAD;WGA;Image_35366.jpg;0,3;94,43;46,61;8,87;27,64;10,09;0,4343
URLA;GONAD;WGA;Image_35362.jpg;0,22;150,26;62,39;9,81;17,28;35,29;0,4975
URLA;GONAD;WGA;Image_35362.jpg;0,28;146,08;58,21;5,63;17,28;35,29;0,5152
URLA;GONAD;WGA;Image_35362.jpg;0,3;144,57;56,7;4,13;17,28;35,29;0,5212
URLA;GONAD;WGA;Image_35363.jpg;0,22;187,69;83,36;16,7;28,99;37,67;0,4794
URLA;GONAD;WGA;Image_35363.jpg;0,28;180,93;76,6;9,94;28,99;37,67;0,4995
URLA;GONAD;WGA;Image_35363.jpg;0,3;178,35;74,02;7,36;28,99;37,67;0,5068
URLA;GONAD;WGA;Image_35361.jpg;0,22;166,17;68,85;10,42;19,55;38,88;0,5036
URLA;GONAD;WGA;Image_35361.jpg;0,28;161,95;64,63;6,2;19,55;38,88;0,5201
URLA;GONAD;WGA;Image_35361.jpg;0,3;160,33;63,01;4,58;19,55;38,88;0,526
URLA;GONAD;WGA;Image_35349.jpg;0,22;24,44;13,17;4,72;5,62;2,82;0,4119
URLA;GONAD;WGA;Image_35349.jpg;0,28;22,37;11,1;2,65;5,62;2,82;0,442
URLA;GONAD;WGA;Image_35349.jpg;0,3;21,64;10,37;1,92;5,62;2,82;0,4527
URLA;GONAD;WGA;Image_35348.jpg;0,22;75,94;45,58;22,21;16,38;6,99;0,3786
URLA;GONAD;WGA;Image_35348.jpg;0,28;66,02;35,66;12,29;16,38;6,99;0,4141
URLA;GONAD;WGA;Image_35348.jpg;0,3;62,41;32,05;8,68;16,38;6,99;0,4281
URLA;GONAD;WGA;Image_35360.jpg;0,22;79,31;38,76;9,32;18,33;11,11;0,4329
URLA;GONAD;WGA;Image_35360.jpg;0,28;75,67;35,11;5,67;18,33;11,11;0,4518
URLA;GONAD;WGA;Image_35360.jpg;0,3;74,19;33,64;4,2;18,33;11,11;0,4589
URLA;GONAD;WGA;Image_35338.jpg;0,22;27,56;21,71;16,3;4,98;0,44;0,3132
URLA;GONAD;WGA;Image_35338.jpg;0,28;18,01;12,16;6,75;4,98;0,44;0,3644
URLA;GONAD;WGA;Image_35338.jpg;0,3;15,65;9,8;4,39;4,98;0,44;0,3824
URLA;GONAD;WGA;Image_35339.jpg;0,22;22,56;17,68;13,25;4,0;0,44;0,3149
URLA;GONAD;WGA;Image_35339.jpg;0,28;14,62;9,75;5,31;4,0;0,44;0,3699
URLA;GONAD;WGA;Image_35339.jpg;0,3;12,76;7,89;3,45;4,0;0,44;0,3888
URLA;GONAD;WGA;Image_35329.jpg;0,22;10,4;8,91;7,6;1,11;0,19;0,2988
URLA;GONAD;WGA;Image_35329.jpg;0,28;5,3;3,8;2,49;1,11;0,19;0,3702
URLA;GONAD;WGA;Image_35329.jpg;0,3;4,33;2,83;1,52;1,11;0,19;0,3979
URLA;GONAD;WGA;Image_35332.jpg;0,22;12,69;8,97;5,86;2,49;0,61;0,3439
URLA;GONAD;WGA;Image_35332.jpg;0,28;9,38;5,66;2,55;2,49;0,61;0,4001
URLA;GONAD;WGA;Image_35332.jpg;0,3;8,54;4,82;1,72;2,49;0,61;0,4192
URLA;GONAD;WGA;Image_35333.jpg;0,22;7,18;5,18;3,53;1,3;0,35;0,3453
URLA;GONAD;WGA;Image_35333.jpg;0,28;5,12;3,11;1,46;1,3;0,35;0,4104
URLA;GONAD;WGA;Image_35333.jpg;0,3;4,62;2,62;0,97;1,3;0,35;0,4331
URLA;GONAD;WGA;Image_35331.jpg;0,22;6,04;5,1;4,32;0,61;0,17;0,3108
URLA;GONAD;WGA;Image_35331.jpg;0,28;3,09;2,14;1,36;0,61;0,17;0,4005
URLA;GONAD;WGA;Image_35331.jpg;0,3;2,54;1,59;0,82;0,61;0,17;0,4386
URLA;GONAD;WGA;Image_35330.jpg;0,22;3,62;3,08;2,65;0,31;0,12;0,3177
URLA;GONAD;WGA;Image_35330.jpg;0,28;1,76;1,21;0,78;0,31;0,12;0,4291
URLA;GONAD;WGA;Image_35330.jpg;0,3;1,43;0,89;0,46;0,31;0,12;0,4798
URLA;GONAD;WGA;Image_35334.jpg;0,22;13,25;9,39;6,42;2,08;0,89;0,3424
URLA;GONAD;WGA;Image_35334.jpg;0,28;9,29;5,43;2,46;2,08;0,89;0,412
URLA;GONAD;WGA;Image_35334.jpg;0,3;8,41;4,55;1,58;2,08;0,89;0,4355
URLA;GONAD;WGA;Image_35335.jpg;0,22;13,27;9,46;6,35;2,41;0,7;0,3405
URLA;GONAD;WGA;Image_35335.jpg;0,28;9,39;5,58;2,47;2,41;0,7;0,4059
URLA;GONAD;WGA;Image_35335.jpg;0,3;8,54;4,73;1,62;2,41;0,7;0,4269
URLA;GONAD;WGA;Image_35337.jpg;0,22;27,64;21,76;16,37;4,92;0,48;0,313
URLA;GONAD;WGA;Image_35337.jpg;0,28;17,96;12,09;6,69;4,92;0,48;0,3653
URLA;GONAD;WGA;Image_35337.jpg;0,3;15,58;9,7;4,31;4,92;0,48;0,3838
URLA;GONAD;WGA;Image_35336.jpg;0,22;17,79;12,04;7,52;3,3;1,22;0,3531
URLA;GONAD;WGA;Image_35336.jpg;0,28;13,3;7,55;3,03;3,3;1,22;0,4163
URLA;GONAD;WGA;Image_35336.jpg;0,3;12,28;6,53;2,01;3,3;1,22;0,4361
URLA;GONAD;WGA;Image_35351.jpg;0,22;95,62;47,61;14,47;18,27;14,87;0,4407
URLA;GONAD;WGA;Image_35351.jpg;0,28;89,02;41,01;7,87;18,27;14,87;0,4713
URLA;GONAD;WGA;Image_35351.jpg;0,3;86,77;38,76;5,62;18,27;14,87;0,4818
URLA;GONAD;WGA;Image_35345.jpg;0,22;20,05;14,86;10,55;3,43;0,88;0,3264
URLA;GONAD;WGA;Image_35345.jpg;0,28;13,44;8,25;3,94;3,43;0,88;0,39
URLA;GONAD;WGA;Image_35345.jpg;0,3;12,01;6,82;2,51;3,43;0,88;0,411
URLA;GONAD;WGA;Image_35344.jpg;0,22;13,39;9,68;6,67;2,33;0,69;0,3341
URLA;GONAD;WGA;Image_35344.jpg;0,28;9,13;5,41;2,4;2,33;0,69;0,4032
URLA;GONAD;WGA;Image_35344.jpg;0,3;8,26;4,55;1,53;2,33;0,69;0,4248
URLA;GONAD;WGA;Image_35350.jpg;0,22;69,51;31,25;6,94;10,36;13,95;0,483
URLA;GONAD;WGA;Image_35350.jpg;0,28;66,52;28,25;3,95;10,36;13,95;0,5076
URLA;GONAD;WGA;Image_35350.jpg;0,3;65,43;27,17;2,86;10,36;13,95;0,5162
URLA;GONAD;WGA;Image_35346.jpg;0,22;27,6;17,38;9,56;5,41;2,4;0,3666
URLA;GONAD;WGA;Image_35346.jpg;0,28;22,03;11,8;3,99;5,41;2,4;0,4229
URLA;GONAD;WGA;Image_35346.jpg;0,3;20,69;10,47;2,65;5,41;2,4;0,4398
URLA;GONAD;WGA;Image_35352.jpg;0,22;76,85;48,09;25,54;16,33;6,21;0,3707
URLA;GONAD;WGA;Image_35352.jpg;0,28;65,32;36,56;14,01;16,33;6,21;0,4084
URLA;GONAD;WGA;Image_35352.jpg;0,3;61,05;32,29;9,74;16,33;6,21;0,4241
URLA;GONAD;WGA;Image_35353.jpg;0,22;79,09;47,32;22,24;18,37;6,7;0,3809
URLA;GONAD;WGA;Image_35353.jpg;0,28;69,2;37,42;12,35;18,37;6,7;0,4153
URLA;GONAD;WGA;Image_35353.jpg;0,3;65,63;33,85;8,78;18,37;6,7;0,4286
URLA;GONAD;WGA;Image_35347.jpg;0,22;38,94;19,74;5,71;8,87;5,16;0,4293
URLA;GONAD;WGA;Image_35347.jpg;0,28;36,66;17,47;3,43;8,87;5,16;0,4525
URLA;GONAD;WGA;Image_35347.jpg;0,3;35,75;16,56;2,53;8,87;5,16;0,4614
URLA;GONAD;WGA;Image_35343.jpg;0,22;14,14;10,9;8,05;2,46;0,39;0,3176
URLA;GONAD;WGA;Image_35343.jpg;0,28;8,87;5,63;2,78;2,46;0,39;0,3845
URLA;GONAD;WGA;Image_35343.jpg;0,3;7,85;4,61;1,76;2,46;0,39;0,4056
URLA;GONAD;WGA;Image_35357.jpg;0,22;73,51;46,58;23,46;19,31;3,81;0,3632
URLA;GONAD;WGA;Image_35357.jpg;0,28;63,42;36,49;13,37;19,31;3,81;0,3942
URLA;GONAD;WGA;Image_35357.jpg;0,3;59,64;32,71;9,59;19,31;3,81;0,4062
URLA;GONAD;WGA;Image_35356.jpg;0,22;78,72;48,28;22,75;20,63;4,91;0,3704
URLA;GONAD;WGA;Image_35356.jpg;0,28;69,04;38,6;13,07;20,63;4,91;0,4003
URLA;GONAD;WGA;Image_35356.jpg;0,3;65,4;34,96;9,43;20,63;4,91;0,4118
URLA;GONAD;WGA;Image_35342.jpg;0,22;15,52;12,04;9,27;2,05;0,72;0,3142
URLA;GONAD;WGA;Image_35342.jpg;0,28;9,25;5,77;3,01;2,05;0,72;0,3879
URLA;GONAD;WGA;Image_35342.jpg;0,3;8,08;4,6;1,83;2,05;0,72;0,413
URLA;GONAD;WGA;Image_35354.jpg;0,22;120,58;65,46;21,32;33,15;10,99;0,4036
URLA;GONAD;WGA;Image_35354.jpg;0,28;112,14;57,01;12,87;33,15;10,99;0,4262
URLA;GONAD;WGA;Image_35354.jpg;0,3;108,92;53,8;9,66;33,15;10,99;0,4343
URLA;GONAD;WGA;Image_35340.jpg;0,22;8,41;6,99;5,79;0,98;0,22;0,3076
URLA;GONAD;WGA;Image_35340.jpg;0,28;4,62;3,2;2,0;0,98;0,22;0,3801
URLA;GONAD;WGA;Image_35340.jpg;0,3;3,85;2,43;1,23;0,98;0,22;0,4087
URLA;GONAD;WGA;Image_35368.jpg;0,22;143,79;67,28;14,86;28,32;24,1;0,4507
URLA;GONAD;WGA;Image_35368.jpg;0,28;137,86;61,35;8,93;28,32;24,1;0,4701
URLA;GONAD;WGA;Image_35368.jpg;0,3;135,59;59,08;6,66;28,32;24,1;0,477
URLA;GONAD;WGA;Image_35369.jpg;0,22;156,68;66,51;11,55;19,75;35,21;0,4964
URLA;GONAD;WGA;Image_35369.jpg;0,28;151,65;61,48;6,52;19,75;35,21;0,5165
URLA;GONAD;WGA;Image_35369.jpg;0,3;149,9;59,74;4,78;19,75;35,21;0,5231
URLA;GONAD;WGA;Image_35341.jpg;0,22;13,51;11,35;9,36;1,81;0,17;0,3022
URLA;GONAD;WGA;Image_35341.jpg;0,28;7,51;5,35;3,36;1,81;0,17;0,3643
URLA;GONAD;WGA;Image_35341.jpg;0,3;6,24;4,08;2,09;1,81;0,17;0,3876
URLA;GONAD;WGA;Image_35355.jpg;0,22;91,75;51,3;17,58;27,0;6,73;0,3945
URLA;GONAD;WGA;Image_35355.jpg;0,28;84,53;44,08;10,36;27,0;6,73;0,418
URLA;GONAD;WGA;Image_35355.jpg;0,3;81,9;41,45;7,72;27,0;6,73;0,4262
URLA;GONAD;MAL;Image_35204.jpg;0,22;87,06;57,29;31,54;21,74;4,01;0,354
URLA;GONAD;MAL;Image_35204.jpg;0,28;73,7;43,93;18,18;21,74;4,01;0,3853
URLA;GONAD;MAL;Image_35204.jpg;0,3;68,6;38,83;13,08;21,74;4,01;0,3978
URLA;GONAD;MAL;Image_35210.jpg;0,22;62,51;49,91;37,75;11,73;0,43;0,3126
URLA;GONAD;MAL;Image_35210.jpg;0,28;43,72;31,12;18,96;11,73;0,43;0,3504
URLA;GONAD;MAL;Image_35210.jpg;0,3;37,65;25,05;12,89;11,73;0,43;0,365
URLA;GONAD;MAL;Image_35199.jpg;0,22;49,31;35,35;22,23;12,28;0,84;0,337
URLA;GONAD;MAL;Image_35199.jpg;0,28;39,84;25,88;12,76;12,28;0,84;0,3681
URLA;GONAD;MAL;Image_35199.jpg;0,3;36,08;22,13;9,01;12,28;0,84;0,3814
URLA;GONAD;MAL;Image_35198.jpg;0,22;6,08;5,83;5,68;0,04;0,1;0,268
URLA;GONAD;MAL;Image_35198.jpg;0,28;0,83;0,58;0,43;0,04;0,1;0,5271
URLA;GONAD;MAL;Image_35198.jpg;0,3;0,56;0,3;0,16;0,04;0,1;0,7448
URLA;GONAD;MAL;Image_35211.jpg;0,22;75,21;64,38;53,85;10,22;0,31;0,2968
URLA;GONAD;MAL;Image_35211.jpg;0,28;43,89;33,06;22,53;10,22;0,31;0,3417
URLA;GONAD;MAL;Image_35211.jpg;0,3;35,36;24,53;14,01;10,22;0,31;0,3598
URLA;GONAD;MAL;Image_35205.jpg;0,22;46,03;26,12;9,91;12,51;3,7;0,3931
URLA;GONAD;MAL;Image_35205.jpg;0,28;42,06;22,15;5,93;12,51;3,7;0,4186
URLA;GONAD;MAL;Image_35205.jpg;0,3;40,5;20,59;4,38;12,51;3,7;0,4283
URLA;GONAD;MAL;Image_35213.jpg;0,22;66,43;54,51;43,26;10,59;0,66;0,3072
URLA;GONAD;MAL;Image_35213.jpg;0,28;44,0;32,09;20,84;10,59;0,66;0,3471
URLA;GONAD;MAL;Image_35213.jpg;0,3;36,83;24,91;13,66;10,59;0,66;0,3636
URLA;GONAD;MAL;Image_35207.jpg;0,22;67,89;47,77;29,84;15,75;2,19;0,3384
URLA;GONAD;MAL;Image_35207.jpg;0,28;53,81;33,69;15,76;15,75;2,19;0,3752
URLA;GONAD;MAL;Image_35207.jpg;0,3;49,1;28,98;11,04;15,75;2,19;0,3891
URLA;GONAD;MAL;Image_35206.jpg;0,22;76,78;55,47;36,71;16,2;2,56;0,3325
URLA;GONAD;MAL;Image_35206.jpg;0,28;58,72;37,4;18,65;16,2;2,56;0,3721
URLA;GONAD;MAL;Image_35206.jpg;0,3;52,72;31,41;12,65;16,2;2,56;0,3878
URLA;GONAD;MAL;Image_35212.jpg;0,22;83,58;63,54;45,16;16,73;1,66;0,3208
URLA;GONAD;MAL;Image_35212.jpg;0,28;60,25;40,21;21,83;16,73;1,66;0,3621
URLA;GONAD;MAL;Image_35212.jpg;0,3;53,01;32,97;14,59;16,73;1,66;0,3779
URLA;GONAD;MAL;Image_35216.jpg;0,22;68,76;50,8;33,96;15,71;1,13;0,3292
URLA;GONAD;MAL;Image_35216.jpg;0,28;53,52;35,55;18,71;15,71;1,13;0,3625
URLA;GONAD;MAL;Image_35216.jpg;0,3;47,8;29,83;13,0;15,71;1,13;0,3764
URLA;GONAD;MAL;Image_35202.jpg;0,22;22,36;20,26;18,32;1,79;0,15;0,2829
URLA;GONAD;MAL;Image_35202.jpg;0,28;9,46;7,36;5,42;1,79;0,15;0,3481
URLA;GONAD;MAL;Image_35202.jpg;0,3;7,19;5,1;3,16;1,79;0,15;0,3742
URLA;GONAD;MAL;Image_35203.jpg;0,22;9,45;8,8;8,28;0,38;0,13;0,2788
URLA;GONAD;MAL;Image_35203.jpg;0,28;3,01;2,36;1,85;0,38;0,13;0,3737
URLA;GONAD;MAL;Image_35203.jpg;0,3;2,15;1,5;0,99;0,38;0,13;0,422
URLA;GONAD;MAL;Image_35217.jpg;0,22;107,22;66,08;32,08;26,87;7,13;0,3689
URLA;GONAD;MAL;Image_35217.jpg;0,28;93,19;52,05;18,05;26,87;7,13;0,4007
URLA;GONAD;MAL;Image_35217.jpg;0,3;88,1;46,96;12,96;26,87;7,13;0,4127
URLA;GONAD;MAL;Image_35201.jpg;0,22;22,05;20,94;19,95;0,85;0,13;0,2707
URLA;GONAD;MAL;Image_35201.jpg;0,28;6,7;5,58;4,59;0,85;0,13;0,3425
URLA;GONAD;MAL;Image_35201.jpg;0,3;4,53;3,42;2,43;0,85;0,13;0,3763
URLA;GONAD;MAL;Image_35215.jpg;0,22;59,25;46,65;34,68;11,35;0,62;0,3144
URLA;GONAD;MAL;Image_35215.jpg;0,28;41,36;28,76;16,78;11,35;0,62;0,3544
URLA;GONAD;MAL;Image_35215.jpg;0,3;35,74;23,14;11,17;11,35;0,62;0,37
URLA;GONAD;MAL;Image_35214.jpg;0,22;62,75;48,64;35,43;12,32;0,89;0,3175
URLA;GONAD;MAL;Image_35214.jpg;0,28;44,22;30,12;16,9;12,32;0,89;0,359
URLA;GONAD;MAL;Image_35214.jpg;0,3;38,57;24,47;11,26;12,32;0,89;0,3749
URLA;GONAD;MAL;Image_35200.jpg;0,22;59,08;47,89;37,43;9,72;0,73;0,3094
URLA;GONAD;MAL;Image_35200.jpg;0,28;39,33;28,14;17,68;9,72;0,73;0,3505
URLA;GONAD;MAL;Image_35200.jpg;0,3;33,0;21,81;11,35;9,72;0,73;0,3681
URLA;GONAD;MAL;Image_35219.jpg;0,22;65,69;53,94;42,84;10,44;0,65;0,3037
URLA;GONAD;MAL;Image_35219.jpg;0,28;41,22;29,47;18,37;10,44;0,65;0,3495
URLA;GONAD;MAL;Image_35219.jpg;0,3;34,76;23,01;11,91;10,44;0,65;0,3663
URLA;GONAD;MAL;Image_35224.jpg;0,22;84,96;55,86;30,73;21,14;3,98;0,3535
URLA;GONAD;MAL;Image_35224.jpg;0,28;71,31;42,21;17,08;21,14;3,98;0,3866
URLA;GONAD;MAL;Image_35224.jpg;0,3;66,29;37,18;12,05;21,14;3,98;0,3996
URLA;GONAD;MAL;Image_35218.jpg;0,22;107,25;72,85;42,02;27,25;3,58;0,3463
URLA;GONAD;MAL;Image_35218.jpg;0,28;89,57;55,17;24,35;27,25;3,58;0,3765
URLA;GONAD;MAL;Image_35218.jpg;0,3;82,7;48,3;17,48;27,25;3,58;0,3888
URLA;GONAD;MAL;Image_35223.jpg;0,22;60,58;46,84;34,28;11,38;1,19;0,3172
URLA;GONAD;MAL;Image_35223.jpg;0,28;42,15;28,41;15,85;11,38;1,19;0,3608
URLA;GONAD;MAL;Image_35223.jpg;0,3;36,7;22,96;10,4;11,38;1,19;0,3777
URLA;GONAD;MAL;Image_35197.jpg;0,22;10,98;10,74;10,59;0,05;0,1;0,2542
URLA;GONAD;MAL;Image_35197.jpg;0,28;1,03;0,78;0,64;0,05;0,1;0,4499
URLA;GONAD;MAL;Image_35197.jpg;0,3;0,62;0,37;0,22;0,05;0,1;0,6303
URLA;GONAD;MAL;Image_35222.jpg;0,22;64,92;48,91;34,66;12,48;1,76;0,3236
URLA;GONAD;MAL;Image_35222.jpg;0,28;47,25;31,24;16,99;12,48;1,76;0,3652
URLA;GONAD;MAL;Image_35222.jpg;0,3;41,61;25,6;11,35;12,48;1,76;0,3817
URLA;GONAD;MAL;Image_35220.jpg;0,22;76,63;61,45;47,04;13,65;0,77;0,3102
URLA;GONAD;MAL;Image_35220.jpg;0,28;51,75;36,57;22,16;13,65;0,77;0,3513
URLA;GONAD;MAL;Image_35220.jpg;0,3;44,35;29,17;14,76;13,65;0,77;0,3669
URLA;GONAD;MAL;Image_35208.jpg;0,22;46,68;33,0;21,27;9,78;1,95;0,3384
URLA;GONAD;MAL;Image_35208.jpg;0,28;36,12;22,44;10,71;9,78;1,95;0,38
URLA;GONAD;MAL;Image_35208.jpg;0,3;32,7;19,01;7,28;9,78;1,95;0,3962
URLA;GONAD;MAL;Image_35209.jpg;0,22;42,05;34,52;27,37;6,75;0,39;0,3065
URLA;GONAD;MAL;Image_35209.jpg;0,28;26,7;19,17;12,03;6,75;0,39;0,3521
URLA;GONAD;MAL;Image_35209.jpg;0,3;22,4;14,86;7,72;6,75;0,39;0,3701
URLA;GONAD;MAL;Image_35221.jpg;0,22;96,16;56,76;24,57;24,99;7,2;0,3798
URLA;GONAD;MAL;Image_35221.jpg;0,28;85,91;46,51;14,31;24,99;7,2;0,4082
URLA;GONAD;MAL;Image_35221.jpg;0,3;82,0;42,6;10,4;24,99;7,2;0,419
